{
  "paper_id": "035",
  "pdf_path": "data/pdfs/MLComputing/035__machine-learning-for-reliability-engineering-and-safety-applications-review.pdf",
  "k_dags": 8,
  "m_node_resamples": 8,
  "max_nodes": 16,
  "exa_k": 6,
  "retrieval_mode": "llm",
  "reconcile": "prefer_parents",
  "llm": {
    "dag": {
      "provider": "openai",
      "model": "gpt-5-mini",
      "temperature": 0.0
    },
    "node": {
      "provider": "openai",
      "model": "gpt-5-nano",
      "temperature": 0.0
    }
  },
  "global": {
    "n": 64,
    "mean": 0.38996640325066123,
    "std": 0.24125737700033664,
    "min": 0.0,
    "max": 0.682701102230564
  },
  "per_dag": {
    "k000": {
      "n": 8,
      "mean": 0.5445944871071893,
      "std": 0.004217378845606712,
      "min": 0.5386671148098623,
      "max": 0.5505789852171351
    },
    "k001": {
      "n": 8,
      "mean": 0.17218917882836213,
      "std": 0.0031501051249263634,
      "min": 0.16614691876790158,
      "max": 0.17503476869369947
    },
    "k002": {
      "n": 8,
      "mean": 0.12225970661718877,
      "std": 0.0029756897564167505,
      "min": 0.11953455381067234,
      "max": 0.1293075155995589
    },
    "k003": {
      "n": 8,
      "mean": 0.43924446935686057,
      "std": 0.0038651182047787923,
      "min": 0.4330095023277781,
      "max": 0.44327269744067627
    },
    "k004": {
      "n": 8,
      "mean": 0.6792485838854343,
      "std": 0.002089959738136101,
      "min": 0.6769152845824048,
      "max": 0.682701102230564
    },
    "k005": {
      "n": 8,
      "mean": 0.6260929106743541,
      "std": 0.0031218937465284508,
      "min": 0.6210701466758677,
      "max": 0.6314465351576257
    },
    "k006": {
      "n": 8,
      "mean": 0.0,
      "std": 0.0,
      "min": 0.0,
      "max": 0.0
    },
    "k007": {
      "n": 8,
      "mean": 0.5361018895359009,
      "std": 0.002760860210320461,
      "min": 0.5321120514563042,
      "max": 0.5406434242294633
    }
  },
  "node_concurrency": 8,
  "max_json_repairs": 1,
  "diagnostics": {
    "text_chars": 125967,
    "num_trials": 64,
    "num_success": 64,
    "failure_counts": {},
    "first_failure": {}
  }
}