{
  "paper_id": "040",
  "pdf_path": "data/pdfs/MLComputing/040__why-does-bagging-work-a-bayesian-account-and-its-implications.pdf",
  "k_dags": 8,
  "m_node_resamples": 8,
  "max_nodes": 16,
  "exa_k": 6,
  "retrieval_mode": "llm",
  "reconcile": "prefer_parents",
  "llm": {
    "dag": {
      "provider": "openai",
      "model": "gpt-5-mini",
      "temperature": 0.0
    },
    "node": {
      "provider": "openai",
      "model": "gpt-5-nano",
      "temperature": 0.0
    }
  },
  "global": {
    "n": 64,
    "mean": 0.7321362457918394,
    "std": 0.04810181669070153,
    "min": 0.6305465335590604,
    "max": 0.8220930560612615
  },
  "per_dag": {
    "k000": {
      "n": 8,
      "mean": 0.8205293589168179,
      "std": 0.0014334632012104036,
      "min": 0.8183802370258174,
      "max": 0.8220930560612615
    },
    "k001": {
      "n": 8,
      "mean": 0.7473912171251175,
      "std": 0.0021348882197936236,
      "min": 0.744697968885317,
      "max": 0.7516038687083837
    },
    "k002": {
      "n": 8,
      "mean": 0.6447065906326521,
      "std": 0.008093048327634888,
      "min": 0.6305465335590604,
      "max": 0.6536723245834593
    },
    "k003": {
      "n": 8,
      "mean": 0.7259517462860148,
      "std": 0.004575407535319196,
      "min": 0.7194312221945337,
      "max": 0.7302209978171165
    },
    "k004": {
      "n": 8,
      "mean": 0.6985253011285101,
      "std": 0.004226183673522848,
      "min": 0.6934746897199748,
      "max": 0.7039871282315096
    },
    "k005": {
      "n": 8,
      "mean": 0.7652167395475966,
      "std": 0.002417207382763629,
      "min": 0.7620483840686544,
      "max": 0.7695189717977987
    },
    "k006": {
      "n": 8,
      "mean": 0.7342501500532579,
      "std": 0.004513430589711193,
      "min": 0.7281107860648246,
      "max": 0.741631322831972
    },
    "k007": {
      "n": 8,
      "mean": 0.7205188626447491,
      "std": 0.0032741256224191407,
      "min": 0.7148026465579441,
      "max": 0.7246727114928101
    }
  },
  "node_concurrency": 8,
  "max_json_repairs": 1,
  "diagnostics": {
    "text_chars": 22962,
    "num_trials": 64,
    "num_success": 64,
    "failure_counts": {},
    "first_failure": {}
  }
}