{
  "paper_id": "034",
  "pdf_path": "data/pdfs/Economics/034__race-and-economic-opportunity-in-the-united-states-an-intergenerational-perspect.pdf",
  "k_dags": 8,
  "m_node_resamples": 8,
  "max_nodes": 16,
  "exa_k": 6,
  "retrieval_mode": "llm",
  "reconcile": "prefer_parents",
  "llm": {
    "dag": {
      "provider": "openai",
      "model": "gpt-5-mini",
      "temperature": 0.0
    },
    "node": {
      "provider": "openai",
      "model": "gpt-5-nano",
      "temperature": 0.0
    }
  },
  "global": {
    "n": 64,
    "mean": 0.7143318041652194,
    "std": 0.04567653789298822,
    "min": 0.6327026798959118,
    "max": 0.7985444388816223
  },
  "per_dag": {
    "k000": {
      "n": 8,
      "mean": 0.727708141937645,
      "std": 0.001668142341065836,
      "min": 0.7248099137366789,
      "max": 0.7294134297990192
    },
    "k001": {
      "n": 8,
      "mean": 0.7328812179092128,
      "std": 0.001789330736214696,
      "min": 0.729186862753906,
      "max": 0.735252419076653
    },
    "k002": {
      "n": 8,
      "mean": 0.744833619870111,
      "std": 0.0029196461231251565,
      "min": 0.7402142269714392,
      "max": 0.7492691364541667
    },
    "k003": {
      "n": 8,
      "mean": 0.7211700802619742,
      "std": 0.0024165284996844824,
      "min": 0.7182015174406357,
      "max": 0.723945531849373
    },
    "k004": {
      "n": 8,
      "mean": 0.6715731789487854,
      "std": 0.0017845849254987654,
      "min": 0.6683905499840631,
      "max": 0.6740919066139542
    },
    "k005": {
      "n": 8,
      "mean": 0.6367127543603059,
      "std": 0.0032374280514238353,
      "min": 0.6327026798959118,
      "max": 0.6415809472768771
    },
    "k006": {
      "n": 8,
      "mean": 0.7932259861311962,
      "std": 0.005944033952319029,
      "min": 0.7826956873497317,
      "max": 0.7985444388816223
    },
    "k007": {
      "n": 8,
      "mean": 0.686549453902524,
      "std": 0.004780970854366671,
      "min": 0.6757405667247434,
      "max": 0.6902484564842121
    }
  },
  "node_concurrency": 8,
  "max_json_repairs": 1,
  "diagnostics": {
    "text_chars": 176542,
    "num_trials": 64,
    "num_success": 64,
    "failure_counts": {},
    "first_failure": {}
  }
}