{
  "paper_id": "005",
  "pdf_path": "data/pdfs/MLComputing/005__e-nursery-retail-project-using-clustering-algorithm-visual-data-representation.pdf",
  "k_dags": 8,
  "m_node_resamples": 8,
  "max_nodes": 16,
  "exa_k": 6,
  "retrieval_mode": "llm",
  "reconcile": "prefer_parents",
  "llm": {
    "dag": {
      "provider": "openai",
      "model": "gpt-5-mini",
      "temperature": 0.0
    },
    "node": {
      "provider": "openai",
      "model": "gpt-5-nano",
      "temperature": 0.0
    }
  },
  "global": {
    "n": 56,
    "mean": 0.6769766169438859,
    "std": 0.11584091895926171,
    "min": 0.42166411849637164,
    "max": 0.8033042631957574
  },
  "per_dag": {
    "k000": {
      "n": 8,
      "mean": 0.42642101367632573,
      "std": 0.0031060490760959885,
      "min": 0.42166411849637164,
      "max": 0.4309758716654518
    },
    "k001": {
      "n": 0,
      "mean": NaN,
      "std": NaN,
      "min": NaN,
      "max": NaN
    },
    "k002": {
      "n": 8,
      "mean": 0.684178900868009,
      "std": 0.0021176775091504897,
      "min": 0.6810845441030839,
      "max": 0.6872267079685043
    },
    "k003": {
      "n": 8,
      "mean": 0.7989669927692126,
      "std": 0.003450365638951785,
      "min": 0.7920081653047358,
      "max": 0.8033042631957574
    },
    "k004": {
      "n": 8,
      "mean": 0.6337431591058243,
      "std": 0.0017353485209280805,
      "min": 0.6313398603024246,
      "max": 0.6365756809602621
    },
    "k005": {
      "n": 8,
      "mean": 0.7607921920833373,
      "std": 0.004315979219319492,
      "min": 0.7535650763533145,
      "max": 0.7686994280839209
    },
    "k006": {
      "n": 8,
      "mean": 0.7515502374094678,
      "std": 0.002293544311110405,
      "min": 0.7474330830225201,
      "max": 0.7539405212063547
    },
    "k007": {
      "n": 8,
      "mean": 0.6831838226950249,
      "std": 0.0022799539364112996,
      "min": 0.6803188950618799,
      "max": 0.6874809541974503
    }
  },
  "node_concurrency": 8,
  "max_json_repairs": 1,
  "diagnostics": {
    "text_chars": 28119,
    "num_trials": 64,
    "num_success": 56,
    "failure_counts": {
      "dag_validation_failed": 8
    },
    "first_failure": {
      "stage": "dag_validation_failed",
      "type": "dag_validation_failed",
      "message": "Node 2: child '15' does not exist",
      "k": 1,
      "m": 0,
      "traceback_file": ""
    }
  }
}