{
  "paper_id": "034",
  "pdf_path": "data/pdfs/MLComputing/034__interpretable-and-explainable-machine-learning-methods-for-predictive-process-mo.pdf",
  "k_dags": 8,
  "m_node_resamples": 8,
  "max_nodes": 16,
  "exa_k": 6,
  "retrieval_mode": "llm",
  "reconcile": "prefer_parents",
  "llm": {
    "dag": {
      "provider": "openai",
      "model": "gpt-5-mini",
      "temperature": 0.0
    },
    "node": {
      "provider": "openai",
      "model": "gpt-5-nano",
      "temperature": 0.0
    }
  },
  "global": {
    "n": 64,
    "mean": 0.5250701742206095,
    "std": 0.17838882168234313,
    "min": 0.19222758043234844,
    "max": 0.7616482849544413
  },
  "per_dag": {
    "k000": {
      "n": 8,
      "mean": 0.672491283006919,
      "std": 0.0034623669258374216,
      "min": 0.6681984782881042,
      "max": 0.6782508283453133
    },
    "k001": {
      "n": 8,
      "mean": 0.7563598454819951,
      "std": 0.0038106635868221882,
      "min": 0.7490238721829202,
      "max": 0.7616482849544413
    },
    "k002": {
      "n": 8,
      "mean": 0.37395193555048517,
      "std": 0.006241939201109654,
      "min": 0.3670504138511225,
      "max": 0.38377444580456543
    },
    "k003": {
      "n": 8,
      "mean": 0.19547673783670408,
      "std": 0.00345019303920844,
      "min": 0.19222758043234844,
      "max": 0.20304831648994734
    },
    "k004": {
      "n": 8,
      "mean": 0.6276432608442729,
      "std": 0.003672522007247947,
      "min": 0.6232527413439517,
      "max": 0.6339284776608032
    },
    "k005": {
      "n": 8,
      "mean": 0.377485804415551,
      "std": 0.0056723113064372915,
      "min": 0.3661112486069528,
      "max": 0.3857324230800573
    },
    "k006": {
      "n": 8,
      "mean": 0.6166492379342462,
      "std": 0.005047639159787215,
      "min": 0.6118828922144663,
      "max": 0.6249394440082505
    },
    "k007": {
      "n": 8,
      "mean": 0.5805032886947031,
      "std": 0.004058226940202861,
      "min": 0.5731251715169685,
      "max": 0.5869731813389284
    }
  },
  "node_concurrency": 8,
  "max_json_repairs": 1,
  "diagnostics": {
    "text_chars": 228268,
    "num_trials": 64,
    "num_success": 64,
    "failure_counts": {},
    "first_failure": {}
  }
}