{
  "paper_id": "013",
  "pdf_path": "data/pdfs/MLComputing/013__classification-and-prediction-of-diabetes-disease-using-decision-trees.pdf",
  "k_dags": 8,
  "m_node_resamples": 8,
  "max_nodes": 16,
  "exa_k": 6,
  "retrieval_mode": "llm",
  "reconcile": "prefer_parents",
  "llm": {
    "dag": {
      "provider": "openai",
      "model": "gpt-5-mini",
      "temperature": 0.0
    },
    "node": {
      "provider": "openai",
      "model": "gpt-5-nano",
      "temperature": 0.0
    }
  },
  "global": {
    "n": 64,
    "mean": 0.6012013183965129,
    "std": 0.08530740351093333,
    "min": 0.4344935723086254,
    "max": 0.752838330619931
  },
  "per_dag": {
    "k000": {
      "n": 8,
      "mean": 0.6200497541216315,
      "std": 0.004489509278560774,
      "min": 0.6122632584570776,
      "max": 0.6278892808659213
    },
    "k001": {
      "n": 8,
      "mean": 0.44098689732923846,
      "std": 0.003943004343134926,
      "min": 0.4344935723086254,
      "max": 0.44467705392691503
    },
    "k002": {
      "n": 8,
      "mean": 0.6482182162022088,
      "std": 0.0022953351494511185,
      "min": 0.6444602673668725,
      "max": 0.6517653888980804
    },
    "k003": {
      "n": 8,
      "mean": 0.5661452075811297,
      "std": 0.0022975434052011686,
      "min": 0.5620086295493055,
      "max": 0.5690268082024188
    },
    "k004": {
      "n": 8,
      "mean": 0.543264046444778,
      "std": 0.004099565600566632,
      "min": 0.5369999538212474,
      "max": 0.5510965114938521
    },
    "k005": {
      "n": 8,
      "mean": 0.5861892499414402,
      "std": 0.005523699870910469,
      "min": 0.5770091176011187,
      "max": 0.5926699685330512
    },
    "k006": {
      "n": 8,
      "mean": 0.7452552635571821,
      "std": 0.004469461898751692,
      "min": 0.7384850795804802,
      "max": 0.752838330619931
    },
    "k007": {
      "n": 8,
      "mean": 0.6595019119944944,
      "std": 0.00396740160060091,
      "min": 0.6547526042913479,
      "max": 0.6662274947796374
    }
  },
  "node_concurrency": 8,
  "max_json_repairs": 1,
  "diagnostics": {
    "text_chars": 20791,
    "num_trials": 64,
    "num_success": 64,
    "failure_counts": {},
    "first_failure": {}
  }
}