{
  "paper_id": "013",
  "pdf_path": "data/pdfs/Economics/013__labour-by-design-contributions-of-david-card-joshua-angrist-and-guido-imbens.pdf",
  "k_dags": 8,
  "m_node_resamples": 8,
  "max_nodes": 16,
  "exa_k": 6,
  "retrieval_mode": "llm",
  "reconcile": "prefer_parents",
  "llm": {
    "dag": {
      "provider": "openai",
      "model": "gpt-5-mini",
      "temperature": 0.0
    },
    "node": {
      "provider": "openai",
      "model": "gpt-5-nano",
      "temperature": 0.0
    }
  },
  "global": {
    "n": 64,
    "mean": 0.5941279151138873,
    "std": 0.0822967605900163,
    "min": 0.4978130476942849,
    "max": 0.772741104097103
  },
  "per_dag": {
    "k000": {
      "n": 8,
      "mean": 0.5460420478922513,
      "std": 0.002337253438730146,
      "min": 0.5417521722547879,
      "max": 0.549203281842976
    },
    "k001": {
      "n": 8,
      "mean": 0.5319841325321057,
      "std": 0.0031748969509835002,
      "min": 0.5266437370499267,
      "max": 0.5355998936337535
    },
    "k002": {
      "n": 8,
      "mean": 0.670334932724695,
      "std": 0.0034649803759092797,
      "min": 0.6652277688570635,
      "max": 0.675332101313893
    },
    "k003": {
      "n": 8,
      "mean": 0.5049268128444929,
      "std": 0.004162212645564595,
      "min": 0.4978130476942849,
      "max": 0.512493149335036
    },
    "k004": {
      "n": 8,
      "mean": 0.5471369932423809,
      "std": 0.0036240571916128328,
      "min": 0.5423083631133345,
      "max": 0.5527038813623305
    },
    "k005": {
      "n": 8,
      "mean": 0.6015800745597784,
      "std": 0.006090821766415348,
      "min": 0.5917859340598102,
      "max": 0.6095018225028713
    },
    "k006": {
      "n": 8,
      "mean": 0.769825209289237,
      "std": 0.0022854267392052215,
      "min": 0.7663511926405175,
      "max": 0.772741104097103
    },
    "k007": {
      "n": 8,
      "mean": 0.5811931178261576,
      "std": 0.0031526521859403943,
      "min": 0.5753884224494514,
      "max": 0.5841971195623405
    }
  },
  "node_concurrency": 8,
  "max_json_repairs": 1,
  "diagnostics": {
    "text_chars": 128358,
    "num_trials": 64,
    "num_success": 64,
    "failure_counts": {},
    "first_failure": {}
  }
}