{
  "paper_id": "047",
  "pdf_path": "data/pdfs/MLComputing/047__imagenet-classification-with-deep-convolutional-neural-networks.pdf",
  "k_dags": 8,
  "m_node_resamples": 8,
  "max_nodes": 16,
  "exa_k": 6,
  "retrieval_mode": "llm",
  "reconcile": "prefer_parents",
  "llm": {
    "dag": {
      "provider": "openai",
      "model": "gpt-5-mini",
      "temperature": 0.0
    },
    "node": {
      "provider": "openai",
      "model": "gpt-5-nano",
      "temperature": 0.0
    }
  },
  "global": {
    "n": 64,
    "mean": 0.5764842359854242,
    "std": 0.23850091159588208,
    "min": 0.0,
    "max": 0.7823380170565861
  },
  "per_dag": {
    "k000": {
      "n": 8,
      "mean": 0.7678605445709993,
      "std": 0.00721902841866815,
      "min": 0.7609337941110169,
      "max": 0.7823380170565861
    },
    "k001": {
      "n": 8,
      "mean": 0.0,
      "std": 0.0,
      "min": 0.0,
      "max": 0.0
    },
    "k002": {
      "n": 8,
      "mean": 0.6800933339971944,
      "std": 0.0036098371124121485,
      "min": 0.6750700246997765,
      "max": 0.6831173188550537
    },
    "k003": {
      "n": 8,
      "mean": 0.6479441239677012,
      "std": 0.0016406045757321258,
      "min": 0.6456901585171935,
      "max": 0.6513025953077338
    },
    "k004": {
      "n": 8,
      "mean": 0.7782061201798934,
      "std": 0.003221275879156358,
      "min": 0.773647595466852,
      "max": 0.7820115996677437
    },
    "k005": {
      "n": 8,
      "mean": 0.4580714839468875,
      "std": 0.003025849205274452,
      "min": 0.451468509174788,
      "max": 0.46124616950299624
    },
    "k006": {
      "n": 8,
      "mean": 0.6520428510487524,
      "std": 0.004086576083154662,
      "min": 0.6460205519706925,
      "max": 0.6600006696911285
    },
    "k007": {
      "n": 8,
      "mean": 0.6276554301719653,
      "std": 0.004642895250722189,
      "min": 0.6213816092878293,
      "max": 0.6348066415040254
    }
  },
  "node_concurrency": 8,
  "max_json_repairs": 1,
  "diagnostics": {
    "text_chars": 35483,
    "num_trials": 64,
    "num_success": 64,
    "failure_counts": {},
    "first_failure": {}
  }
}