{
  "paper_id": "015",
  "pdf_path": "data/pdfs/Economics/015__physics-and-financial-economics-1776-2014-puzzles-ising-and-agent-based-models.pdf",
  "k_dags": 8,
  "m_node_resamples": 8,
  "max_nodes": 16,
  "exa_k": 6,
  "retrieval_mode": "llm",
  "reconcile": "prefer_parents",
  "llm": {
    "dag": {
      "provider": "openai",
      "model": "gpt-5-mini",
      "temperature": 0.0
    },
    "node": {
      "provider": "openai",
      "model": "gpt-5-nano",
      "temperature": 0.0
    }
  },
  "global": {
    "n": 64,
    "mean": 0.6478743669757563,
    "std": 0.12130334303169829,
    "min": 0.34884856193081876,
    "max": 0.7778583711091197
  },
  "per_dag": {
    "k000": {
      "n": 8,
      "mean": 0.3530861680587893,
      "std": 0.0026775263137750467,
      "min": 0.34884856193081876,
      "max": 0.35553431259367857
    },
    "k001": {
      "n": 8,
      "mean": 0.6051884286658945,
      "std": 0.0019740551630186005,
      "min": 0.6006329020267764,
      "max": 0.6069503739172027
    },
    "k002": {
      "n": 8,
      "mean": 0.6570334916012261,
      "std": 0.0029429834818681193,
      "min": 0.6517362862847862,
      "max": 0.6604504185283406
    },
    "k003": {
      "n": 8,
      "mean": 0.7712438690171787,
      "std": 0.003506343987702412,
      "min": 0.7666181977956236,
      "max": 0.7778583711091197
    },
    "k004": {
      "n": 8,
      "mean": 0.6840961030088933,
      "std": 0.003076633550401324,
      "min": 0.6793377493534041,
      "max": 0.6875913002595688
    },
    "k005": {
      "n": 8,
      "mean": 0.7128673375220469,
      "std": 0.0030645945511433795,
      "min": 0.7084098168117204,
      "max": 0.7170067975647141
    },
    "k006": {
      "n": 8,
      "mean": 0.7206414787263168,
      "std": 0.0024350678486911937,
      "min": 0.7169517960913572,
      "max": 0.7240900763231696
    },
    "k007": {
      "n": 8,
      "mean": 0.6788380592057046,
      "std": 0.0035439709779680312,
      "min": 0.6731975062400153,
      "max": 0.6839205658328531
    }
  },
  "node_concurrency": 8,
  "max_json_repairs": 1,
  "diagnostics": {
    "text_chars": 186564,
    "num_trials": 64,
    "num_success": 64,
    "failure_counts": {},
    "first_failure": {}
  }
}