{
  "paper_id": "001",
  "pdf_path": "data/pdfs/Economics/001__likelihood-based-inference-in-cointegrated-models.pdf",
  "k_dags": 8,
  "m_node_resamples": 8,
  "max_nodes": 16,
  "exa_k": 6,
  "retrieval_mode": "llm",
  "reconcile": "prefer_parents",
  "llm": {
    "dag": {
      "provider": "openai",
      "model": "gpt-5-mini",
      "temperature": 0.0
    },
    "node": {
      "provider": "openai",
      "model": "gpt-5-nano",
      "temperature": 0.0
    }
  },
  "global": {
    "n": 64,
    "mean": 0.32611856450075316,
    "std": 0.30600494524610455,
    "min": 0.0,
    "max": 0.6976623744459068
  },
  "per_dag": {
    "k000": {
      "n": 8,
      "mean": 0.0,
      "std": 0.0,
      "min": 0.0,
      "max": 0.0
    },
    "k001": {
      "n": 8,
      "mean": 0.6890585678380029,
      "std": 0.004336517757277336,
      "min": 0.6839005661774524,
      "max": 0.6976623744459068
    },
    "k002": {
      "n": 8,
      "mean": 0.6369690861249107,
      "std": 0.001537420462350289,
      "min": 0.6344778422676204,
      "max": 0.6386818864286002
    },
    "k003": {
      "n": 8,
      "mean": 0.0,
      "std": 0.0,
      "min": 0.0,
      "max": 0.0
    },
    "k004": {
      "n": 8,
      "mean": 0.5031527629204259,
      "std": 0.0061718408344692945,
      "min": 0.4930105306392433,
      "max": 0.5100020135537976
    },
    "k005": {
      "n": 8,
      "mean": 0.11582173947281045,
      "std": 0.0049175712019811305,
      "min": 0.1106608638819869,
      "max": 0.12351606746583002
    },
    "k006": {
      "n": 8,
      "mean": 0.6639463596498755,
      "std": 0.01612071158871121,
      "min": 0.6351097961265502,
      "max": 0.6772625872523526
    },
    "k007": {
      "n": 8,
      "mean": 0.0,
      "std": 0.0,
      "min": 0.0,
      "max": 0.0
    }
  },
  "node_concurrency": 8,
  "max_json_repairs": 1,
  "diagnostics": {
    "text_chars": 48445,
    "num_trials": 64,
    "num_success": 64,
    "failure_counts": {},
    "first_failure": {}
  }
}