{
  "paper_id": "000",
  "pdf_path": "data/pdfs/MLComputing/000__prediction-of-heart-disease-using-knn-algorithm.pdf",
  "k_dags": 8,
  "m_node_resamples": 8,
  "max_nodes": 16,
  "exa_k": 6,
  "retrieval_mode": "llm",
  "reconcile": "prefer_parents",
  "llm": {
    "dag": {
      "provider": "openai",
      "model": "gpt-5-mini",
      "temperature": 0.0
    },
    "node": {
      "provider": "openai",
      "model": "gpt-5-nano",
      "temperature": 0.0
    }
  },
  "global": {
    "n": 64,
    "mean": 0.6579347872113801,
    "std": 0.061703173931629336,
    "min": 0.5651486293210246,
    "max": 0.7550183207677782
  },
  "per_dag": {
    "k000": {
      "n": 8,
      "mean": 0.685247523802828,
      "std": 0.005189852208782501,
      "min": 0.6766943212438966,
      "max": 0.6905915526920976
    },
    "k001": {
      "n": 8,
      "mean": 0.6452812761860444,
      "std": 0.004054444275107213,
      "min": 0.6393775832987044,
      "max": 0.6514536185717908
    },
    "k002": {
      "n": 8,
      "mean": 0.5725129980761218,
      "std": 0.004457738718623441,
      "min": 0.5651486293210246,
      "max": 0.5776338425154207
    },
    "k003": {
      "n": 8,
      "mean": 0.7518976143512189,
      "std": 0.0031416672272371288,
      "min": 0.7460076367963477,
      "max": 0.7550183207677782
    },
    "k004": {
      "n": 8,
      "mean": 0.6035448171459539,
      "std": 0.005685582663240807,
      "min": 0.5949406785396526,
      "max": 0.6109967549099404
    },
    "k005": {
      "n": 8,
      "mean": 0.6627759578049854,
      "std": 0.004074961437965034,
      "min": 0.6547243839397302,
      "max": 0.6673912126919167
    },
    "k006": {
      "n": 8,
      "mean": 0.7399879101770015,
      "std": 0.004811083289719527,
      "min": 0.7305821124736864,
      "max": 0.7447112604953952
    },
    "k007": {
      "n": 8,
      "mean": 0.6022302001468868,
      "std": 0.002593681676401762,
      "min": 0.5984275613211236,
      "max": 0.6056739886313761
    }
  },
  "node_concurrency": 8,
  "max_json_repairs": 1,
  "diagnostics": {
    "text_chars": 27560,
    "num_trials": 64,
    "num_success": 64,
    "failure_counts": {},
    "first_failure": {}
  }
}