{
  "paper_id": "007",
  "pdf_path": "data/pdfs/Economics/007__national-debt-in-a-neoclassical-growth-model.pdf",
  "k_dags": 8,
  "m_node_resamples": 8,
  "max_nodes": 16,
  "exa_k": 6,
  "retrieval_mode": "llm",
  "reconcile": "prefer_parents",
  "llm": {
    "dag": {
      "provider": "openai",
      "model": "gpt-5-mini",
      "temperature": 0.0
    },
    "node": {
      "provider": "openai",
      "model": "gpt-5-nano",
      "temperature": 0.0
    }
  },
  "global": {
    "n": 64,
    "mean": 0.603567346281535,
    "std": 0.2356838134655068,
    "min": 0.0,
    "max": 0.7619200912174185
  },
  "per_dag": {
    "k000": {
      "n": 8,
      "mean": 0.592307958407107,
      "std": 0.004302924974855789,
      "min": 0.5850391932513375,
      "max": 0.5977170260096247
    },
    "k001": {
      "n": 8,
      "mean": 0.6678565922179277,
      "std": 0.0025808620718834135,
      "min": 0.6646508020789579,
      "max": 0.6714870817971783
    },
    "k002": {
      "n": 8,
      "mean": 0.671154749291586,
      "std": 0.0025052259326125937,
      "min": 0.6664595661750244,
      "max": 0.6738029579360801
    },
    "k003": {
      "n": 8,
      "mean": 0.6588971541759379,
      "std": 0.003849255724990269,
      "min": 0.6511483368848704,
      "max": 0.6627438342024681
    },
    "k004": {
      "n": 8,
      "mean": 0.7567398663846547,
      "std": 0.00331452635245339,
      "min": 0.7530215174537918,
      "max": 0.7619200912174185
    },
    "k005": {
      "n": 8,
      "mean": 0.745629917603547,
      "std": 0.005617046706791039,
      "min": 0.7332112121742695,
      "max": 0.7525916481412499
    },
    "k006": {
      "n": 8,
      "mean": 0.7359525321715195,
      "std": 0.0013166262272024305,
      "min": 0.7331951064232638,
      "max": 0.7375851314893377
    },
    "k007": {
      "n": 8,
      "mean": 0.0,
      "std": 0.0,
      "min": 0.0,
      "max": 0.0
    }
  },
  "node_concurrency": 8,
  "max_json_repairs": 1,
  "diagnostics": {
    "text_chars": 49091,
    "num_trials": 64,
    "num_success": 64,
    "failure_counts": {},
    "first_failure": {}
  }
}