{
  "paper_id": "046",
  "pdf_path": "data/pdfs/Economics/046__ergodicity-economics-is-pseudoscience.pdf",
  "k_dags": 8,
  "m_node_resamples": 8,
  "max_nodes": 16,
  "exa_k": 6,
  "retrieval_mode": "llm",
  "reconcile": "prefer_parents",
  "llm": {
    "dag": {
      "provider": "openai",
      "model": "gpt-5-mini",
      "temperature": 0.0
    },
    "node": {
      "provider": "openai",
      "model": "gpt-5-nano",
      "temperature": 0.0
    }
  },
  "global": {
    "n": 64,
    "mean": 0.5988492121001395,
    "std": 0.13150575252246224,
    "min": 0.4105986911071026,
    "max": 0.7370268421830626
  },
  "per_dag": {
    "k000": {
      "n": 8,
      "mean": 0.7196114098711682,
      "std": 0.010775672947542518,
      "min": 0.7059320374563982,
      "max": 0.7370268421830626
    },
    "k001": {
      "n": 8,
      "mean": 0.4297666147520561,
      "std": 0.0038317863546383705,
      "min": 0.4254864803570627,
      "max": 0.4378304828627179
    },
    "k002": {
      "n": 8,
      "mean": 0.4492273231591007,
      "std": 0.006752916224418722,
      "min": 0.44022399947242863,
      "max": 0.45684963268730644
    },
    "k003": {
      "n": 8,
      "mean": 0.7128504355026186,
      "std": 0.006625195172578964,
      "min": 0.7010809150073009,
      "max": 0.7185107130802366
    },
    "k004": {
      "n": 8,
      "mean": 0.6898282984647426,
      "std": 0.0038825315102256476,
      "min": 0.6832476791670479,
      "max": 0.6965493788340459
    },
    "k005": {
      "n": 8,
      "mean": 0.7162826806699503,
      "std": 0.003370694997653272,
      "min": 0.7108600587536973,
      "max": 0.7192542857901584
    },
    "k006": {
      "n": 8,
      "mean": 0.4192067748515988,
      "std": 0.006003950897286967,
      "min": 0.4105986911071026,
      "max": 0.4264851127734422
    },
    "k007": {
      "n": 8,
      "mean": 0.654020159529881,
      "std": 0.0016836019164751762,
      "min": 0.6519259406702594,
      "max": 0.656432620078489
    }
  },
  "node_concurrency": 8,
  "max_json_repairs": 1,
  "diagnostics": {
    "text_chars": 19152,
    "num_trials": 64,
    "num_success": 64,
    "failure_counts": {},
    "first_failure": {}
  }
}