{
  "paper_id": "028",
  "pdf_path": "data/pdfs/Economics/028__economists-erroneous-estimates-of-damages-from-climate-change.pdf",
  "k_dags": 8,
  "m_node_resamples": 8,
  "max_nodes": 16,
  "exa_k": 6,
  "retrieval_mode": "llm",
  "reconcile": "prefer_parents",
  "llm": {
    "dag": {
      "provider": "openai",
      "model": "gpt-5-mini",
      "temperature": 0.0
    },
    "node": {
      "provider": "openai",
      "model": "gpt-5-nano",
      "temperature": 0.0
    }
  },
  "global": {
    "n": 64,
    "mean": 0.6732401466856601,
    "std": 0.09824160581946849,
    "min": 0.46468451599277527,
    "max": 0.8143730397282964
  },
  "per_dag": {
    "k000": {
      "n": 8,
      "mean": 0.8100733187669312,
      "std": 0.003994820579304527,
      "min": 0.8027753331101292,
      "max": 0.8143730397282964
    },
    "k001": {
      "n": 8,
      "mean": 0.6459726088970907,
      "std": 0.0051077467081483766,
      "min": 0.6390356766407422,
      "max": 0.6560404507426499
    },
    "k002": {
      "n": 8,
      "mean": 0.7841926055331496,
      "std": 0.002641198160800696,
      "min": 0.7804754253690314,
      "max": 0.7883332444696842
    },
    "k003": {
      "n": 8,
      "mean": 0.6853340496280862,
      "std": 0.0022547328317586695,
      "min": 0.6813962756266301,
      "max": 0.6878853674531415
    },
    "k004": {
      "n": 8,
      "mean": 0.6933778682124165,
      "std": 0.005304895164437915,
      "min": 0.6860276489341997,
      "max": 0.70163236966688
    },
    "k005": {
      "n": 8,
      "mean": 0.4673530514004667,
      "std": 0.0037434034717231226,
      "min": 0.46468451599277527,
      "max": 0.4760737753082854
    },
    "k006": {
      "n": 8,
      "mean": 0.6446977990186457,
      "std": 0.006369790275879184,
      "min": 0.6380837489194352,
      "max": 0.6541802613095312
    },
    "k007": {
      "n": 8,
      "mean": 0.6549198720284947,
      "std": 0.004313183254916368,
      "min": 0.6461218564313761,
      "max": 0.6596158234853449
    }
  },
  "node_concurrency": 8,
  "max_json_repairs": 1,
  "diagnostics": {
    "text_chars": 117988,
    "num_trials": 64,
    "num_success": 64,
    "failure_counts": {},
    "first_failure": {}
  }
}