{
  "paper_id": "001",
  "pdf_path": "data/pdfs/MLComputing/001__spam-detection-using-nave-bayes-classifier.pdf",
  "k_dags": 8,
  "m_node_resamples": 8,
  "max_nodes": 16,
  "exa_k": 6,
  "retrieval_mode": "llm",
  "reconcile": "prefer_parents",
  "llm": {
    "dag": {
      "provider": "openai",
      "model": "gpt-5-mini",
      "temperature": 0.0
    },
    "node": {
      "provider": "openai",
      "model": "gpt-5-nano",
      "temperature": 0.0
    }
  },
  "global": {
    "n": 64,
    "mean": 0.5287185723245157,
    "std": 0.1731407452009038,
    "min": 0.12301925574782835,
    "max": 0.6960550704293756
  },
  "per_dag": {
    "k000": {
      "n": 8,
      "mean": 0.12681567551966505,
      "std": 0.004794662792703294,
      "min": 0.12301925574782835,
      "max": 0.13752834517286766
    },
    "k001": {
      "n": 8,
      "mean": 0.6247905769902964,
      "std": 0.0036796807788227475,
      "min": 0.6180977409238769,
      "max": 0.6300658147304258
    },
    "k002": {
      "n": 8,
      "mean": 0.4465560218516234,
      "std": 0.0036173131632754947,
      "min": 0.4414105260930978,
      "max": 0.45358062233040847
    },
    "k003": {
      "n": 8,
      "mean": 0.6559310623442616,
      "std": 0.003659601982465102,
      "min": 0.650092208741585,
      "max": 0.6613292988795618
    },
    "k004": {
      "n": 8,
      "mean": 0.6482771493946843,
      "std": 0.00423822737021415,
      "min": 0.6417431826345062,
      "max": 0.6550613749916837
    },
    "k005": {
      "n": 8,
      "mean": 0.5479757799306657,
      "std": 0.002492413369185871,
      "min": 0.5434427097281096,
      "max": 0.5510214065772189
    },
    "k006": {
      "n": 8,
      "mean": 0.6901796966620749,
      "std": 0.00289482672694113,
      "min": 0.6861637962620314,
      "max": 0.6960550704293756
    },
    "k007": {
      "n": 8,
      "mean": 0.48922261590285426,
      "std": 0.002771473774051078,
      "min": 0.48353664649482025,
      "max": 0.4915992787885465
    }
  },
  "node_concurrency": 8,
  "max_json_repairs": 1,
  "diagnostics": {
    "text_chars": 16967,
    "num_trials": 64,
    "num_success": 64,
    "failure_counts": {},
    "first_failure": {}
  }
}