{
  "paper_id": "006",
  "pdf_path": "data/pdfs/Economics/006__optimal-taxation-and-public-production.pdf",
  "k_dags": 8,
  "m_node_resamples": 8,
  "max_nodes": 16,
  "exa_k": 6,
  "retrieval_mode": "llm",
  "reconcile": "prefer_parents",
  "llm": {
    "dag": {
      "provider": "openai",
      "model": "gpt-5-mini",
      "temperature": 0.0
    },
    "node": {
      "provider": "openai",
      "model": "gpt-5-nano",
      "temperature": 0.0
    }
  },
  "global": {
    "n": 56,
    "mean": 0.448657873303453,
    "std": 0.29981198074856247,
    "min": 0.0,
    "max": 0.732471442010313
  },
  "per_dag": {
    "k000": {
      "n": 8,
      "mean": 0.0,
      "std": 0.0,
      "min": 0.0,
      "max": 0.0
    },
    "k001": {
      "n": 0,
      "mean": NaN,
      "std": NaN,
      "min": NaN,
      "max": NaN
    },
    "k002": {
      "n": 8,
      "mean": 0.0,
      "std": 0.0,
      "min": 0.0,
      "max": 0.0
    },
    "k003": {
      "n": 8,
      "mean": 0.6000052479716045,
      "std": 0.00434350262036514,
      "min": 0.5940789360541737,
      "max": 0.605492316485534
    },
    "k004": {
      "n": 8,
      "mean": 0.4410892052996851,
      "std": 0.005438796251358525,
      "min": 0.43229369252998723,
      "max": 0.4503306254322032
    },
    "k005": {
      "n": 8,
      "mean": 0.7264947798063202,
      "std": 0.003529325624895397,
      "min": 0.7208652570794696,
      "max": 0.732471442010313
    },
    "k006": {
      "n": 8,
      "mean": 0.7179375911752182,
      "std": 0.004646039544966709,
      "min": 0.7114141285903197,
      "max": 0.7262556648809168
    },
    "k007": {
      "n": 8,
      "mean": 0.6550782888713433,
      "std": 0.006511368858015636,
      "min": 0.6472779254560183,
      "max": 0.6668759972241862
    }
  },
  "node_concurrency": 8,
  "max_json_repairs": 1,
  "diagnostics": {
    "text_chars": 62658,
    "num_trials": 64,
    "num_success": 56,
    "failure_counts": {
      "dag_validation_failed": 8
    },
    "first_failure": {
      "stage": "dag_validation_failed",
      "type": "dag_validation_failed",
      "message": "Node 10: unknown role 'Theorem'",
      "k": 1,
      "m": 0,
      "traceback_file": ""
    }
  }
}