{
  "paper_id": "047",
  "pdf_path": "data/pdfs/Economics/047__quantum-propensity-in-economics.pdf",
  "k_dags": 8,
  "m_node_resamples": 8,
  "max_nodes": 16,
  "exa_k": 6,
  "retrieval_mode": "llm",
  "reconcile": "prefer_parents",
  "llm": {
    "dag": {
      "provider": "openai",
      "model": "gpt-5-mini",
      "temperature": 0.0
    },
    "node": {
      "provider": "openai",
      "model": "gpt-5-nano",
      "temperature": 0.0
    }
  },
  "global": {
    "n": 64,
    "mean": 0.5172320494835545,
    "std": 0.3051161549628856,
    "min": 0.0,
    "max": 0.7583456363232653
  },
  "per_dag": {
    "k000": {
      "n": 8,
      "mean": 0.7525091410314756,
      "std": 0.005760112208519148,
      "min": 0.7416195656899592,
      "max": 0.7577052331627346
    },
    "k001": {
      "n": 8,
      "mean": 0.6324606129671086,
      "std": 0.004603453324270552,
      "min": 0.6249708268164926,
      "max": 0.6380622004897881
    },
    "k002": {
      "n": 8,
      "mean": 0.0,
      "std": 0.0,
      "min": 0.0,
      "max": 0.0
    },
    "k003": {
      "n": 8,
      "mean": 0.0,
      "std": 0.0,
      "min": 0.0,
      "max": 0.0
    },
    "k004": {
      "n": 8,
      "mean": 0.6635511880139494,
      "std": 0.002529765645513109,
      "min": 0.6597065946334121,
      "max": 0.6673674925113823
    },
    "k005": {
      "n": 8,
      "mean": 0.7517632424578098,
      "std": 0.0035625708723087905,
      "min": 0.7471318726853612,
      "max": 0.7583456363232653
    },
    "k006": {
      "n": 8,
      "mean": 0.7279255467508355,
      "std": 0.0046002051375237645,
      "min": 0.7189833431810045,
      "max": 0.7333469999625177
    },
    "k007": {
      "n": 8,
      "mean": 0.6096466646472568,
      "std": 0.003357745403213895,
      "min": 0.6049046265675273,
      "max": 0.6135688166577419
    }
  },
  "node_concurrency": 8,
  "max_json_repairs": 1,
  "diagnostics": {
    "text_chars": 37100,
    "num_trials": 64,
    "num_success": 64,
    "failure_counts": {},
    "first_failure": {}
  }
}