{
  "paper_id": "026",
  "pdf_path": "data/pdfs/Economics/026__quantum-propensity-in-economics.pdf",
  "k_dags": 8,
  "m_node_resamples": 8,
  "max_nodes": 16,
  "exa_k": 6,
  "retrieval_mode": "llm",
  "reconcile": "prefer_parents",
  "llm": {
    "dag": {
      "provider": "openai",
      "model": "gpt-5-mini",
      "temperature": 0.0
    },
    "node": {
      "provider": "openai",
      "model": "gpt-5-nano",
      "temperature": 0.0
    }
  },
  "global": {
    "n": 64,
    "mean": 0.6440644994227388,
    "std": 0.08615429895348722,
    "min": 0.4992563666866478,
    "max": 0.7488599084357734
  },
  "per_dag": {
    "k000": {
      "n": 8,
      "mean": 0.7013406595402154,
      "std": 0.0037948717649851,
      "min": 0.6955070098840891,
      "max": 0.7074510415987698
    },
    "k001": {
      "n": 8,
      "mean": 0.5792645308968988,
      "std": 0.0035352133036126608,
      "min": 0.5727351765783737,
      "max": 0.582882032556968
    },
    "k002": {
      "n": 8,
      "mean": 0.5051574991739517,
      "std": 0.0043228554088307015,
      "min": 0.4992563666866478,
      "max": 0.5124330481183357
    },
    "k003": {
      "n": 8,
      "mean": 0.7443130986332106,
      "std": 0.0032356487558514594,
      "min": 0.7403858055751364,
      "max": 0.7488599084357734
    },
    "k004": {
      "n": 8,
      "mean": 0.6310134473020721,
      "std": 0.006682208140481897,
      "min": 0.6213665516167332,
      "max": 0.6398949001519981
    },
    "k005": {
      "n": 8,
      "mean": 0.548541404582717,
      "std": 0.003525788107482221,
      "min": 0.542413058612316,
      "max": 0.5528833683524094
    },
    "k006": {
      "n": 8,
      "mean": 0.732197981249568,
      "std": 0.004496281930791513,
      "min": 0.7262675058791723,
      "max": 0.7388933481030633
    },
    "k007": {
      "n": 8,
      "mean": 0.7106873740032769,
      "std": 0.00344083315164911,
      "min": 0.7056006931714595,
      "max": 0.715895799040668
    }
  },
  "node_concurrency": 8,
  "max_json_repairs": 1,
  "diagnostics": {
    "text_chars": 37100,
    "num_trials": 64,
    "num_success": 64,
    "failure_counts": {},
    "first_failure": {}
  }
}