{
  "paper_id": "002",
  "pdf_path": "data/pdfs/Economics/002__a-simple-estimator-of-cointegrating-vectors.pdf",
  "k_dags": 8,
  "m_node_resamples": 8,
  "max_nodes": 16,
  "exa_k": 6,
  "retrieval_mode": "llm",
  "reconcile": "prefer_parents",
  "llm": {
    "dag": {
      "provider": "openai",
      "model": "gpt-5-mini",
      "temperature": 0.0
    },
    "node": {
      "provider": "openai",
      "model": "gpt-5-nano",
      "temperature": 0.0
    }
  },
  "global": {
    "n": 56,
    "mean": 0.6780647466442963,
    "std": 0.14739489325185187,
    "min": 0.31827499437064855,
    "max": 0.7680820150799417
  },
  "per_dag": {
    "k000": {
      "n": 8,
      "mean": 0.7573925381195045,
      "std": 0.008038452203305168,
      "min": 0.7411430096396892,
      "max": 0.765392491922335
    },
    "k001": {
      "n": 8,
      "mean": 0.7657248802519272,
      "std": 0.0021479560062498404,
      "min": 0.7614775209713838,
      "max": 0.7680820150799417
    },
    "k002": {
      "n": 8,
      "mean": 0.7137868542136732,
      "std": 0.002890242597750583,
      "min": 0.7098614779421395,
      "max": 0.7175579995503983
    },
    "k003": {
      "n": 8,
      "mean": 0.3239449566969653,
      "std": 0.0036089588495591012,
      "min": 0.31827499437064855,
      "max": 0.3292188321584729
    },
    "k004": {
      "n": 8,
      "mean": 0.7143176527832752,
      "std": 0.0034296855373932076,
      "min": 0.7098797252371669,
      "max": 0.7212402689509261
    },
    "k005": {
      "n": 8,
      "mean": 0.7431881279027082,
      "std": 0.024803676628194563,
      "min": 0.7122883155736177,
      "max": 0.7636996206512648
    },
    "k006": {
      "n": 0,
      "mean": NaN,
      "std": NaN,
      "min": NaN,
      "max": NaN
    },
    "k007": {
      "n": 8,
      "mean": 0.7280982165420207,
      "std": 0.004835868748352053,
      "min": 0.7225974016312808,
      "max": 0.7356440706924783
    }
  },
  "node_concurrency": 8,
  "max_json_repairs": 1,
  "diagnostics": {
    "text_chars": 114339,
    "num_trials": 64,
    "num_success": 56,
    "failure_counts": {
      "dag_validation_failed": 8
    },
    "first_failure": {
      "stage": "dag_validation_failed",
      "type": "dag_validation_failed",
      "message": "nodes[2] id error: Unsupported id type: <class 'NoneType'>",
      "k": 6,
      "m": 0,
      "traceback_file": ""
    }
  }
}