{
  "paper_id": "028",
  "pdf_path": "data/pdfs/MLComputing/028__bias-mitigation-for-machine-learning-classifiers-a-comprehensive-survey.pdf",
  "k_dags": 8,
  "m_node_resamples": 8,
  "max_nodes": 16,
  "exa_k": 6,
  "retrieval_mode": "llm",
  "reconcile": "prefer_parents",
  "llm": {
    "dag": {
      "provider": "openai",
      "model": "gpt-5-mini",
      "temperature": 0.0
    },
    "node": {
      "provider": "openai",
      "model": "gpt-5-nano",
      "temperature": 0.0
    }
  },
  "global": {
    "n": 56,
    "mean": 0.3657924956001434,
    "std": 0.1958780177426989,
    "min": 0.11551604586190137,
    "max": 0.6811493990964187
  },
  "per_dag": {
    "k000": {
      "n": 8,
      "mean": 0.19660990600988015,
      "std": 0.002045761796544964,
      "min": 0.1925142507801482,
      "max": 0.1990778642248379
    },
    "k001": {
      "n": 8,
      "mean": 0.6726103661105153,
      "std": 0.00487170621239243,
      "min": 0.6647580971359371,
      "max": 0.6811493990964187
    },
    "k002": {
      "n": 8,
      "mean": 0.1242252583483822,
      "std": 0.004047960572311352,
      "min": 0.11551604586190137,
      "max": 0.1275443065251464
    },
    "k003": {
      "n": 8,
      "mean": 0.3804951660511652,
      "std": 0.005005831759002768,
      "min": 0.3767011428208788,
      "max": 0.3900389666120122
    },
    "k004": {
      "n": 0,
      "mean": NaN,
      "std": NaN,
      "min": NaN,
      "max": NaN
    },
    "k005": {
      "n": 8,
      "mean": 0.3580498400406369,
      "std": 0.006507270528971238,
      "min": 0.3523756814532753,
      "max": 0.3701284275941959
    },
    "k006": {
      "n": 8,
      "mean": 0.2173530778288062,
      "std": 0.0038938196211681614,
      "min": 0.2095269558078163,
      "max": 0.22093031074129124
    },
    "k007": {
      "n": 8,
      "mean": 0.6112038548116179,
      "std": 0.004604566546833697,
      "min": 0.6053975353342288,
      "max": 0.6194157307285044
    }
  },
  "node_concurrency": 8,
  "max_json_repairs": 1,
  "diagnostics": {
    "text_chars": 208232,
    "num_trials": 64,
    "num_success": 56,
    "failure_counts": {
      "dag_validation_failed": 8
    },
    "first_failure": {
      "stage": "dag_validation_failed",
      "type": "dag_validation_failed",
      "message": "Node 8: unknown role 'Recommendation'",
      "k": 4,
      "m": 0,
      "traceback_file": ""
    }
  }
}