{
  "paper_id": "038",
  "pdf_path": "data/pdfs/Economics/038__the-impact-of-individual-teachers-on-student-achievement-evidence-from-panel-dat.pdf",
  "k_dags": 8,
  "m_node_resamples": 8,
  "max_nodes": 16,
  "exa_k": 6,
  "retrieval_mode": "llm",
  "reconcile": "prefer_parents",
  "llm": {
    "dag": {
      "provider": "openai",
      "model": "gpt-5-mini",
      "temperature": 0.0
    },
    "node": {
      "provider": "openai",
      "model": "gpt-5-nano",
      "temperature": 0.0
    }
  },
  "global": {
    "n": 64,
    "mean": 0.6579115691081138,
    "std": 0.09248149736484863,
    "min": 0.5315683301179035,
    "max": 0.8042827320271942
  },
  "per_dag": {
    "k000": {
      "n": 8,
      "mean": 0.7535661714832005,
      "std": 0.0034916676842472365,
      "min": 0.748152730468475,
      "max": 0.758436121633156
    },
    "k001": {
      "n": 8,
      "mean": 0.533651678867524,
      "std": 0.002717865681805406,
      "min": 0.5315683301179035,
      "max": 0.5389774863169694
    },
    "k002": {
      "n": 8,
      "mean": 0.5707520658308525,
      "std": 0.0031280101042322206,
      "min": 0.5667714131187667,
      "max": 0.57447128585384
    },
    "k003": {
      "n": 8,
      "mean": 0.7014495383515897,
      "std": 0.003472650220837531,
      "min": 0.6982675428884177,
      "max": 0.7077751517327228
    },
    "k004": {
      "n": 8,
      "mean": 0.5933991606439071,
      "std": 0.0033696123556478286,
      "min": 0.589303629938756,
      "max": 0.597047383349616
    },
    "k005": {
      "n": 8,
      "mean": 0.8017650720910565,
      "std": 0.001784560811467866,
      "min": 0.7992438739232823,
      "max": 0.8042827320271942
    },
    "k006": {
      "n": 8,
      "mean": 0.5898120677952674,
      "std": 0.002114898177037605,
      "min": 0.5878346719882666,
      "max": 0.5935902277701615
    },
    "k007": {
      "n": 8,
      "mean": 0.7188967978015127,
      "std": 0.002520142786773375,
      "min": 0.714691812697472,
      "max": 0.7231045755962296
    }
  },
  "node_concurrency": 8,
  "max_json_repairs": 1,
  "diagnostics": {
    "text_chars": 75164,
    "num_trials": 64,
    "num_success": 64,
    "failure_counts": {},
    "first_failure": {}
  }
}