{
  "paper_id": "008",
  "pdf_path": "data/pdfs/Economics/008__survival-of-the-un-fittest-why-the-worst-infrastructure-gets-built-and-what-we-c.pdf",
  "k_dags": 8,
  "m_node_resamples": 8,
  "max_nodes": 16,
  "exa_k": 6,
  "retrieval_mode": "llm",
  "reconcile": "prefer_parents",
  "llm": {
    "dag": {
      "provider": "openai",
      "model": "gpt-5-mini",
      "temperature": 0.0
    },
    "node": {
      "provider": "openai",
      "model": "gpt-5-nano",
      "temperature": 0.0
    }
  },
  "global": {
    "n": 56,
    "mean": 0.7075171280391935,
    "std": 0.0734672674969093,
    "min": 0.5496036273976282,
    "max": 0.7985818079636172
  },
  "per_dag": {
    "k000": {
      "n": 8,
      "mean": 0.7706174276209308,
      "std": 0.0029903094186886875,
      "min": 0.7673212811228901,
      "max": 0.7766134647404492
    },
    "k001": {
      "n": 8,
      "mean": 0.7930726656879877,
      "std": 0.003439357730327391,
      "min": 0.7897987168686094,
      "max": 0.7985818079636172
    },
    "k002": {
      "n": 8,
      "mean": 0.7585965283567793,
      "std": 0.013974621655447063,
      "min": 0.7495280724445672,
      "max": 0.7922550294819171
    },
    "k003": {
      "n": 8,
      "mean": 0.69450703372047,
      "std": 0.006241995459613739,
      "min": 0.6818133053531003,
      "max": 0.7019545332783694
    },
    "k004": {
      "n": 8,
      "mean": 0.5593545498520549,
      "std": 0.006120625542547666,
      "min": 0.5496036273976282,
      "max": 0.5702870204760954
    },
    "k005": {
      "n": 8,
      "mean": 0.6931097937986562,
      "std": 0.004205406461147354,
      "min": 0.6867002562479646,
      "max": 0.6979672051631564
    },
    "k006": {
      "n": 8,
      "mean": 0.6833618972374759,
      "std": 0.00385960587600534,
      "min": 0.6788494196354137,
      "max": 0.6877437659406261
    },
    "k007": {
      "n": 0,
      "mean": NaN,
      "std": NaN,
      "min": NaN,
      "max": NaN
    }
  },
  "node_concurrency": 8,
  "max_json_repairs": 1,
  "diagnostics": {
    "text_chars": 83714,
    "num_trials": 64,
    "num_success": 56,
    "failure_counts": {
      "dag_validation_failed": 8
    },
    "first_failure": {
      "stage": "dag_validation_failed",
      "type": "dag_validation_failed",
      "message": "Node 14: unknown role 'Recommendation'",
      "k": 7,
      "m": 0,
      "traceback_file": ""
    }
  }
}