{
  "paper_id": "040",
  "pdf_path": "data/pdfs/Economics/040__the-economic-consequences-of-increasing-sleep-among-the-urban-poor.pdf",
  "k_dags": 8,
  "m_node_resamples": 8,
  "max_nodes": 16,
  "exa_k": 6,
  "retrieval_mode": "llm",
  "reconcile": "prefer_parents",
  "llm": {
    "dag": {
      "provider": "openai",
      "model": "gpt-5-mini",
      "temperature": 0.0
    },
    "node": {
      "provider": "openai",
      "model": "gpt-5-nano",
      "temperature": 0.0
    }
  },
  "global": {
    "n": 64,
    "mean": 0.7095872973965175,
    "std": 0.04508420749482467,
    "min": 0.627541705559454,
    "max": 0.7891588059424663
  },
  "per_dag": {
    "k000": {
      "n": 8,
      "mean": 0.6332809911569842,
      "std": 0.004047475321898097,
      "min": 0.627541705559454,
      "max": 0.6398803010998794
    },
    "k001": {
      "n": 8,
      "mean": 0.7031618127617981,
      "std": 0.005006651337550319,
      "min": 0.6932729851366279,
      "max": 0.7089091456982267
    },
    "k002": {
      "n": 8,
      "mean": 0.7005121428068251,
      "std": 0.0026134871507405167,
      "min": 0.6951426817148796,
      "max": 0.7041207266796377
    },
    "k003": {
      "n": 8,
      "mean": 0.7042674319005249,
      "std": 0.003114624629984419,
      "min": 0.700372424455115,
      "max": 0.7091171371696875
    },
    "k004": {
      "n": 8,
      "mean": 0.7877333414268612,
      "std": 0.0012192482424668463,
      "min": 0.7858964332896838,
      "max": 0.7891588059424663
    },
    "k005": {
      "n": 8,
      "mean": 0.7206486935430331,
      "std": 0.0035519171479200615,
      "min": 0.7153502275053164,
      "max": 0.7245829444156473
    },
    "k006": {
      "n": 8,
      "mean": 0.6706327390653184,
      "std": 0.0038624797698717014,
      "min": 0.663654733483077,
      "max": 0.6747966679921824
    },
    "k007": {
      "n": 8,
      "mean": 0.7564612265107951,
      "std": 0.0037197018576162902,
      "min": 0.7530533467928155,
      "max": 0.762589867231783
    }
  },
  "node_concurrency": 8,
  "max_json_repairs": 1,
  "diagnostics": {
    "text_chars": 141690,
    "num_trials": 64,
    "num_success": 64,
    "failure_counts": {},
    "first_failure": {}
  }
}