{
  "paper_id": "048",
  "pdf_path": "data/pdfs/Economics/048__economists-erroneous-estimates-of-damages-from-climate-change.pdf",
  "k_dags": 8,
  "m_node_resamples": 8,
  "max_nodes": 16,
  "exa_k": 6,
  "retrieval_mode": "llm",
  "reconcile": "prefer_parents",
  "llm": {
    "dag": {
      "provider": "openai",
      "model": "gpt-5-mini",
      "temperature": 0.0
    },
    "node": {
      "provider": "openai",
      "model": "gpt-5-nano",
      "temperature": 0.0
    }
  },
  "global": {
    "n": 64,
    "mean": 0.5647040879352311,
    "std": 0.19547722759979974,
    "min": 0.10139112436649311,
    "max": 0.7458352274453766
  },
  "per_dag": {
    "k000": {
      "n": 8,
      "mean": 0.6641062740145562,
      "std": 0.0035021345739903315,
      "min": 0.6585908926854095,
      "max": 0.6687263480789348
    },
    "k001": {
      "n": 8,
      "mean": 0.7313395610139263,
      "std": 0.00409533134795946,
      "min": 0.7260009152367893,
      "max": 0.7380056428999768
    },
    "k002": {
      "n": 8,
      "mean": 0.7408042712942708,
      "std": 0.004345006901072751,
      "min": 0.7327323685054836,
      "max": 0.7458352274453766
    },
    "k003": {
      "n": 8,
      "mean": 0.10834120373097435,
      "std": 0.004968400938508805,
      "min": 0.10139112436649311,
      "max": 0.11424632795033617
    },
    "k004": {
      "n": 8,
      "mean": 0.5164784009202357,
      "std": 0.006868821096710693,
      "min": 0.5010910263540116,
      "max": 0.5243178710642983
    },
    "k005": {
      "n": 8,
      "mean": 0.6928863045048008,
      "std": 0.005452584746254802,
      "min": 0.6821226125169669,
      "max": 0.6987839167554003
    },
    "k006": {
      "n": 8,
      "mean": 0.5696285405950223,
      "std": 0.0062181945671729725,
      "min": 0.5614051026042418,
      "max": 0.5788013315445903
    },
    "k007": {
      "n": 8,
      "mean": 0.49404814740806235,
      "std": 0.007578622738399124,
      "min": 0.4826869189294892,
      "max": 0.503045836348352
    }
  },
  "node_concurrency": 8,
  "max_json_repairs": 1,
  "diagnostics": {
    "text_chars": 117988,
    "num_trials": 64,
    "num_success": 64,
    "failure_counts": {},
    "first_failure": {}
  }
}