{
  "paper_id": "024",
  "pdf_path": "data/pdfs/Economics/024__the-two-growth-rates-of-the-economy.pdf",
  "k_dags": 8,
  "m_node_resamples": 8,
  "max_nodes": 16,
  "exa_k": 6,
  "retrieval_mode": "llm",
  "reconcile": "prefer_parents",
  "llm": {
    "dag": {
      "provider": "openai",
      "model": "gpt-5-mini",
      "temperature": 0.0
    },
    "node": {
      "provider": "openai",
      "model": "gpt-5-nano",
      "temperature": 0.0
    }
  },
  "global": {
    "n": 64,
    "mean": 0.6349559789436329,
    "std": 0.1018401276484761,
    "min": 0.4274569000342293,
    "max": 0.7593407363456616
  },
  "per_dag": {
    "k000": {
      "n": 8,
      "mean": 0.43532987320445427,
      "std": 0.004648308049811966,
      "min": 0.4274569000342293,
      "max": 0.4411675062625611
    },
    "k001": {
      "n": 8,
      "mean": 0.6966222177965219,
      "std": 0.002059283053884377,
      "min": 0.6940927096944406,
      "max": 0.6990633686302031
    },
    "k002": {
      "n": 8,
      "mean": 0.7134047754506392,
      "std": 0.003497681882496699,
      "min": 0.7077478897789863,
      "max": 0.7179975438386602
    },
    "k003": {
      "n": 8,
      "mean": 0.6364203222813715,
      "std": 0.0049715552044632735,
      "min": 0.6301267172632613,
      "max": 0.6438200067202446
    },
    "k004": {
      "n": 8,
      "mean": 0.6837664826138611,
      "std": 0.0074832607610321135,
      "min": 0.6757330659176316,
      "max": 0.6995730224480827
    },
    "k005": {
      "n": 8,
      "mean": 0.7549587480593749,
      "std": 0.0032614606153924574,
      "min": 0.7494560537329064,
      "max": 0.7593407363456616
    },
    "k006": {
      "n": 8,
      "mean": 0.5133439115465958,
      "std": 0.004297058252091904,
      "min": 0.5080029993262702,
      "max": 0.5201424939348792
    },
    "k007": {
      "n": 8,
      "mean": 0.6458015005962442,
      "std": 0.007214260913683308,
      "min": 0.636248952380711,
      "max": 0.65620624695369
    }
  },
  "node_concurrency": 8,
  "max_json_repairs": 1,
  "diagnostics": {
    "text_chars": 46711,
    "num_trials": 64,
    "num_success": 64,
    "failure_counts": {},
    "first_failure": {}
  }
}