{
  "paper_id": "033",
  "pdf_path": "data/pdfs/Economics/033__the-fading-american-dream-trends-in-absolute-income-mobility-since-1940.pdf",
  "k_dags": 8,
  "m_node_resamples": 8,
  "max_nodes": 16,
  "exa_k": 6,
  "retrieval_mode": "llm",
  "reconcile": "prefer_parents",
  "llm": {
    "dag": {
      "provider": "openai",
      "model": "gpt-5-mini",
      "temperature": 0.0
    },
    "node": {
      "provider": "openai",
      "model": "gpt-5-nano",
      "temperature": 0.0
    }
  },
  "global": {
    "n": 64,
    "mean": 0.553169201392369,
    "std": 0.24036338809687982,
    "min": 0.0,
    "max": 0.7549855338431117
  },
  "per_dag": {
    "k000": {
      "n": 8,
      "mean": 0.5411384517195199,
      "std": 0.0017912183524162136,
      "min": 0.5391616406850216,
      "max": 0.5437744333098194
    },
    "k001": {
      "n": 8,
      "mean": 0.3803251077821154,
      "std": 0.004054309801875114,
      "min": 0.37325359047720086,
      "max": 0.3855320361748335
    },
    "k002": {
      "n": 8,
      "mean": 0.6542377375379966,
      "std": 0.003393204318887843,
      "min": 0.64837314399681,
      "max": 0.6597895161812152
    },
    "k003": {
      "n": 8,
      "mean": 0.7324806174807869,
      "std": 0.0027249803044769125,
      "min": 0.7292571735345703,
      "max": 0.7369565853486336
    },
    "k004": {
      "n": 8,
      "mean": 0.7527466093291076,
      "std": 0.0019586698325504827,
      "min": 0.7489681672941333,
      "max": 0.7549855338431117
    },
    "k005": {
      "n": 8,
      "mean": 0.6409555494801791,
      "std": 0.0033514681484706947,
      "min": 0.6353843312105081,
      "max": 0.6449690502733362
    },
    "k006": {
      "n": 8,
      "mean": 0.7234695378092468,
      "std": 0.0022658934043157312,
      "min": 0.7195401635534149,
      "max": 0.7270775251461115
    },
    "k007": {
      "n": 8,
      "mean": 0.0,
      "std": 0.0,
      "min": 0.0,
      "max": 0.0
    }
  },
  "node_concurrency": 8,
  "max_json_repairs": 1,
  "diagnostics": {
    "text_chars": 64053,
    "num_trials": 64,
    "num_success": 64,
    "failure_counts": {},
    "first_failure": {}
  }
}