{
  "paper_id": "030",
  "pdf_path": "data/pdfs/Economics/030__the-skill-content-of-recent-technological-change-an-empirical-exploration.pdf",
  "k_dags": 8,
  "m_node_resamples": 8,
  "max_nodes": 16,
  "exa_k": 6,
  "retrieval_mode": "llm",
  "reconcile": "prefer_parents",
  "llm": {
    "dag": {
      "provider": "openai",
      "model": "gpt-5-mini",
      "temperature": 0.0
    },
    "node": {
      "provider": "openai",
      "model": "gpt-5-nano",
      "temperature": 0.0
    }
  },
  "global": {
    "n": 64,
    "mean": 0.6742737308738813,
    "std": 0.09798224357406113,
    "min": 0.5216268264577375,
    "max": 0.8072664243883668
  },
  "per_dag": {
    "k000": {
      "n": 8,
      "mean": 0.5947293486867928,
      "std": 0.0058422553812377395,
      "min": 0.5864439255608855,
      "max": 0.6035642864812398
    },
    "k001": {
      "n": 8,
      "mean": 0.5264370903321857,
      "std": 0.002117035356969748,
      "min": 0.5216268264577375,
      "max": 0.5280181823748925
    },
    "k002": {
      "n": 8,
      "mean": 0.675804494931592,
      "std": 0.0064043936523692484,
      "min": 0.6651459601903792,
      "max": 0.6827199880664763
    },
    "k003": {
      "n": 8,
      "mean": 0.5530333115570518,
      "std": 0.0020388798894121537,
      "min": 0.5501921572862081,
      "max": 0.555186057321258
    },
    "k004": {
      "n": 8,
      "mean": 0.7636645182131572,
      "std": 0.004049967815410682,
      "min": 0.7580349645098657,
      "max": 0.7686228101031153
    },
    "k005": {
      "n": 8,
      "mean": 0.7379733014299381,
      "std": 0.003811332968309565,
      "min": 0.730425865194941,
      "max": 0.7417957665367167
    },
    "k006": {
      "n": 8,
      "mean": 0.7419002706330862,
      "std": 0.004585345743123519,
      "min": 0.734692831671924,
      "max": 0.7479287410297569
    },
    "k007": {
      "n": 8,
      "mean": 0.8006475112072472,
      "std": 0.003158510734624377,
      "min": 0.7973999889786241,
      "max": 0.8072664243883668
    }
  },
  "node_concurrency": 8,
  "max_json_repairs": 1,
  "diagnostics": {
    "text_chars": 117988,
    "num_trials": 64,
    "num_success": 64,
    "failure_counts": {},
    "first_failure": {}
  }
}