{
  "paper_id": "032",
  "pdf_path": "data/pdfs/Economics/032__is-the-united-states-still-a-land-of-opportunity-recent-trends-in-intergeneratio.pdf",
  "k_dags": 8,
  "m_node_resamples": 8,
  "max_nodes": 16,
  "exa_k": 6,
  "retrieval_mode": "llm",
  "reconcile": "prefer_parents",
  "llm": {
    "dag": {
      "provider": "openai",
      "model": "gpt-5-mini",
      "temperature": 0.0
    },
    "node": {
      "provider": "openai",
      "model": "gpt-5-nano",
      "temperature": 0.0
    }
  },
  "global": {
    "n": 64,
    "mean": 0.7296789387035039,
    "std": 0.04871583047981039,
    "min": 0.609569526174862,
    "max": 0.7742539583902442
  },
  "per_dag": {
    "k000": {
      "n": 8,
      "mean": 0.7562388400611324,
      "std": 0.0038416410760031394,
      "min": 0.7511274998585863,
      "max": 0.7617458506833267
    },
    "k001": {
      "n": 8,
      "mean": 0.7627581423685372,
      "std": 0.005157781475616687,
      "min": 0.7517870346008604,
      "max": 0.7700305816613451
    },
    "k002": {
      "n": 8,
      "mean": 0.6170816125129399,
      "std": 0.003544269512570849,
      "min": 0.609569526174862,
      "max": 0.6210944559029721
    },
    "k003": {
      "n": 8,
      "mean": 0.7452918883549096,
      "std": 0.00334001441372714,
      "min": 0.740510111534139,
      "max": 0.7510005811792041
    },
    "k004": {
      "n": 8,
      "mean": 0.7378541308580915,
      "std": 0.003906557330277472,
      "min": 0.7334869825078655,
      "max": 0.7437973855976553
    },
    "k005": {
      "n": 8,
      "mean": 0.7692460740693337,
      "std": 0.0035863293257220375,
      "min": 0.762635725418379,
      "max": 0.7742539583902442
    },
    "k006": {
      "n": 8,
      "mean": 0.7574628021568596,
      "std": 0.003637381694363054,
      "min": 0.7527981315920517,
      "max": 0.7632254783991981
    },
    "k007": {
      "n": 8,
      "mean": 0.6914980192462268,
      "std": 0.0037604490342378755,
      "min": 0.6870702897341027,
      "max": 0.6974828773363837
    }
  },
  "node_concurrency": 8,
  "max_json_repairs": 1,
  "diagnostics": {
    "text_chars": 29152,
    "num_trials": 64,
    "num_success": 64,
    "failure_counts": {},
    "first_failure": {}
  }
}