{
  "paper_id": "042",
  "pdf_path": "data/pdfs/Economics/042__growth-in-a-time-of-debt.pdf",
  "k_dags": 8,
  "m_node_resamples": 8,
  "max_nodes": 16,
  "exa_k": 6,
  "retrieval_mode": "llm",
  "reconcile": "prefer_parents",
  "llm": {
    "dag": {
      "provider": "openai",
      "model": "gpt-5-mini",
      "temperature": 0.0
    },
    "node": {
      "provider": "openai",
      "model": "gpt-5-nano",
      "temperature": 0.0
    }
  },
  "global": {
    "n": 64,
    "mean": 0.648672935420647,
    "std": 0.12303041350042489,
    "min": 0.3620170685328358,
    "max": 0.7680230286820307
  },
  "per_dag": {
    "k000": {
      "n": 8,
      "mean": 0.7156010822479154,
      "std": 0.003070792141653119,
      "min": 0.7111202346040602,
      "max": 0.720968769226278
    },
    "k001": {
      "n": 8,
      "mean": 0.7646291400338425,
      "std": 0.002155323152487143,
      "min": 0.7620184427495467,
      "max": 0.7680230286820307
    },
    "k002": {
      "n": 8,
      "mean": 0.595623695143506,
      "std": 0.0025314323984520605,
      "min": 0.5901266538813361,
      "max": 0.5976132379891343
    },
    "k003": {
      "n": 8,
      "mean": 0.6352437182389603,
      "std": 0.004986816699156758,
      "min": 0.6276173375223931,
      "max": 0.6436219731647005
    },
    "k004": {
      "n": 8,
      "mean": 0.618961672966371,
      "std": 0.002355346039822011,
      "min": 0.6159694417895747,
      "max": 0.6221095067878428
    },
    "k005": {
      "n": 8,
      "mean": 0.3684238482855079,
      "std": 0.004522390532256977,
      "min": 0.3620170685328358,
      "max": 0.3742246522330721
    },
    "k006": {
      "n": 8,
      "mean": 0.741646891708944,
      "std": 0.003680974163284563,
      "min": 0.7360877121640682,
      "max": 0.7482346559841891
    },
    "k007": {
      "n": 8,
      "mean": 0.749253434740129,
      "std": 0.005107439422574506,
      "min": 0.7403147620598612,
      "max": 0.757468749622848
    }
  },
  "node_concurrency": 8,
  "max_json_repairs": 1,
  "diagnostics": {
    "text_chars": 22304,
    "num_trials": 64,
    "num_success": 64,
    "failure_counts": {},
    "first_failure": {}
  }
}