{
  "paper_id": "018",
  "pdf_path": "data/pdfs/MLComputing/018__demystifying-and-mitigating-cross-layer-deficiencies-of-soft-error-protection-in.pdf",
  "k_dags": 8,
  "m_node_resamples": 8,
  "max_nodes": 16,
  "exa_k": 6,
  "retrieval_mode": "llm",
  "reconcile": "prefer_parents",
  "llm": {
    "dag": {
      "provider": "openai",
      "model": "gpt-5-mini",
      "temperature": 0.0
    },
    "node": {
      "provider": "openai",
      "model": "gpt-5-nano",
      "temperature": 0.0
    }
  },
  "global": {
    "n": 56,
    "mean": 0.6622452802144048,
    "std": 0.07438416898218207,
    "min": 0.5442235609803031,
    "max": 0.7612238677908992
  },
  "per_dag": {
    "k000": {
      "n": 8,
      "mean": 0.6964512381217653,
      "std": 0.005499218158506361,
      "min": 0.6891030072944492,
      "max": 0.7024245882009398
    },
    "k001": {
      "n": 8,
      "mean": 0.6470589083657194,
      "std": 0.002938257883596983,
      "min": 0.6426635003063161,
      "max": 0.6518736163059532
    },
    "k002": {
      "n": 0,
      "mean": NaN,
      "std": NaN,
      "min": NaN,
      "max": NaN
    },
    "k003": {
      "n": 8,
      "mean": 0.7226293796573402,
      "std": 0.002104959285921272,
      "min": 0.7196671589233495,
      "max": 0.7253891179700535
    },
    "k004": {
      "n": 8,
      "mean": 0.7542960127216802,
      "std": 0.0077591271467052384,
      "min": 0.7382769316753006,
      "max": 0.7612238677908992
    },
    "k005": {
      "n": 8,
      "mean": 0.5517987625129048,
      "std": 0.005841241340395221,
      "min": 0.5442235609803031,
      "max": 0.559129548404388
    },
    "k006": {
      "n": 8,
      "mean": 0.7035891969412211,
      "std": 0.002953346184772627,
      "min": 0.7004102863360958,
      "max": 0.708574457213845
    },
    "k007": {
      "n": 8,
      "mean": 0.5598934631802023,
      "std": 0.0029181467946213864,
      "min": 0.5556810213124349,
      "max": 0.5644858155131146
    }
  },
  "node_concurrency": 8,
  "max_json_repairs": 1,
  "diagnostics": {
    "text_chars": 77630,
    "num_trials": 64,
    "num_success": 56,
    "failure_counts": {
      "dag_validation_failed": 8
    },
    "first_failure": {
      "stage": "dag_validation_failed",
      "type": "dag_validation_failed",
      "message": "Node 4: unknown role 'Observation'",
      "k": 2,
      "m": 0,
      "traceback_file": ""
    }
  }
}