{
  "paper_id": "044",
  "pdf_path": "data/pdfs/MLComputing/044__empirical-comparison-of-supervised-learning-algorithms-for-classification.pdf",
  "k_dags": 8,
  "m_node_resamples": 8,
  "max_nodes": 16,
  "exa_k": 6,
  "retrieval_mode": "llm",
  "reconcile": "prefer_parents",
  "llm": {
    "dag": {
      "provider": "openai",
      "model": "gpt-5-mini",
      "temperature": 0.0
    },
    "node": {
      "provider": "openai",
      "model": "gpt-5-nano",
      "temperature": 0.0
    }
  },
  "global": {
    "n": 56,
    "mean": 0.6102604414947839,
    "std": 0.21339883600443377,
    "min": 0.10078486279720893,
    "max": 0.7844050890029668
  },
  "per_dag": {
    "k000": {
      "n": 0,
      "mean": NaN,
      "std": NaN,
      "min": NaN,
      "max": NaN
    },
    "k001": {
      "n": 8,
      "mean": 0.6110149655648088,
      "std": 0.0046704820225716,
      "min": 0.6054977120080335,
      "max": 0.6181196490022062
    },
    "k002": {
      "n": 8,
      "mean": 0.6136451448627167,
      "std": 0.002622293230204893,
      "min": 0.6101193419938993,
      "max": 0.6180782750441095
    },
    "k003": {
      "n": 8,
      "mean": 0.7766634239233822,
      "std": 0.003828235123319427,
      "min": 0.7730957731288287,
      "max": 0.7844050890029668
    },
    "k004": {
      "n": 8,
      "mean": 0.740840409408036,
      "std": 0.002694801256049466,
      "min": 0.736492757497224,
      "max": 0.7444410904579863
    },
    "k005": {
      "n": 8,
      "mean": 0.11190160683206735,
      "std": 0.0051440401590368634,
      "min": 0.10078486279720893,
      "max": 0.11582018862626513
    },
    "k006": {
      "n": 8,
      "mean": 0.6946771730773985,
      "std": 0.006364694745330979,
      "min": 0.6865369705253929,
      "max": 0.7059134572805581
    },
    "k007": {
      "n": 8,
      "mean": 0.7230803667950775,
      "std": 0.003211551318501824,
      "min": 0.7184578591516473,
      "max": 0.7283603805945931
    }
  },
  "node_concurrency": 8,
  "max_json_repairs": 1,
  "diagnostics": {
    "text_chars": 36685,
    "num_trials": 64,
    "num_success": 56,
    "failure_counts": {
      "dag_validation_failed": 8
    },
    "first_failure": {
      "stage": "dag_validation_failed",
      "type": "dag_validation_failed",
      "message": "Node 2: child '14' does not exist",
      "k": 0,
      "m": 0,
      "traceback_file": ""
    }
  }
}