{
  "paper_id": "023",
  "pdf_path": "data/pdfs/MLComputing/023__understanding-error-propagation-in-deep-learning-neural-network-dnn-accelerators.pdf",
  "k_dags": 8,
  "m_node_resamples": 8,
  "max_nodes": 16,
  "exa_k": 6,
  "retrieval_mode": "llm",
  "reconcile": "prefer_parents",
  "llm": {
    "dag": {
      "provider": "openai",
      "model": "gpt-5-mini",
      "temperature": 0.0
    },
    "node": {
      "provider": "openai",
      "model": "gpt-5-nano",
      "temperature": 0.0
    }
  },
  "global": {
    "n": 64,
    "mean": 0.725532270579385,
    "std": 0.062478683060149275,
    "min": 0.603358816358322,
    "max": 0.809057307902451
  },
  "per_dag": {
    "k000": {
      "n": 8,
      "mean": 0.8072581772192859,
      "std": 0.0013652537406372602,
      "min": 0.8059337020613927,
      "max": 0.809057307902451
    },
    "k001": {
      "n": 8,
      "mean": 0.6671621828258583,
      "std": 0.003373684744080446,
      "min": 0.6594632780762946,
      "max": 0.6700475952798577
    },
    "k002": {
      "n": 8,
      "mean": 0.7174812817217228,
      "std": 0.003186263626717996,
      "min": 0.7125392088184531,
      "max": 0.7212370823440648
    },
    "k003": {
      "n": 8,
      "mean": 0.6952070899012325,
      "std": 0.0046482538863442295,
      "min": 0.6882587890048811,
      "max": 0.7002892010867047
    },
    "k004": {
      "n": 8,
      "mean": 0.7966846963623576,
      "std": 0.007825573958015319,
      "min": 0.7846256073643376,
      "max": 0.805438511421204
    },
    "k005": {
      "n": 8,
      "mean": 0.7612544069098468,
      "std": 0.003255384177930947,
      "min": 0.7561960769397168,
      "max": 0.7659475596917047
    },
    "k006": {
      "n": 8,
      "mean": 0.7464809977008628,
      "std": 0.004171932730567521,
      "min": 0.739973908832228,
      "max": 0.7516094743411688
    },
    "k007": {
      "n": 8,
      "mean": 0.6127293319939133,
      "std": 0.007601209860802623,
      "min": 0.603358816358322,
      "max": 0.6228772097017132
    }
  },
  "node_concurrency": 8,
  "max_json_repairs": 1,
  "diagnostics": {
    "text_chars": 79194,
    "num_trials": 64,
    "num_success": 64,
    "failure_counts": {},
    "first_failure": {}
  }
}