{
  "paper_id": "000",
  "pdf_path": "data/pdfs/Pyschology/000__the-magical-number-seven-plus-or-minus-two-some-limits-on-our-capacity-for-proce.pdf",
  "k_dags": 8,
  "m_node_resamples": 8,
  "max_nodes": 16,
  "exa_k": 6,
  "retrieval_mode": "llm",
  "reconcile": "prefer_parents",
  "llm": {
    "dag": {
      "provider": "openai",
      "model": "gpt-5-mini",
      "temperature": 0.0
    },
    "node": {
      "provider": "openai",
      "model": "gpt-5-nano",
      "temperature": 0.0
    }
  },
  "global": {
    "n": 64,
    "mean": 0.5698114688732241,
    "std": 0.19949086822896628,
    "min": 0.10484150936224078,
    "max": 0.7816453456939195
  },
  "per_dag": {
    "k000": {
      "n": 8,
      "mean": 0.5733142783724098,
      "std": 0.005793075095026463,
      "min": 0.5665896096959039,
      "max": 0.5832654661970096
    },
    "k001": {
      "n": 8,
      "mean": 0.510122474287314,
      "std": 0.0020682271611726886,
      "min": 0.5064612967158849,
      "max": 0.513596646173577
    },
    "k002": {
      "n": 8,
      "mean": 0.11144765564838238,
      "std": 0.0037015698214557884,
      "min": 0.10484150936224078,
      "max": 0.11551659070087072
    },
    "k003": {
      "n": 8,
      "mean": 0.7400625407555801,
      "std": 0.005997330719309811,
      "min": 0.7308037956774556,
      "max": 0.7499211280361885
    },
    "k004": {
      "n": 8,
      "mean": 0.5151156131404919,
      "std": 0.0009547097524361677,
      "min": 0.5136067947008495,
      "max": 0.5164757228106063
    },
    "k005": {
      "n": 8,
      "mean": 0.7768726361769486,
      "std": 0.005103733449331414,
      "min": 0.7655034112192556,
      "max": 0.7816453456939195
    },
    "k006": {
      "n": 8,
      "mean": 0.7219883718559055,
      "std": 0.0033746590301208463,
      "min": 0.7166876611335574,
      "max": 0.7256371554844966
    },
    "k007": {
      "n": 8,
      "mean": 0.6095681807487602,
      "std": 0.0054432384588941575,
      "min": 0.600548036038406,
      "max": 0.6188946375210957
    }
  },
  "node_concurrency": 8,
  "max_json_repairs": 1,
  "diagnostics": {
    "text_chars": 52794,
    "num_trials": 64,
    "num_success": 64,
    "failure_counts": {},
    "first_failure": {}
  }
}