{
  "paper_id": "026",
  "pdf_path": "data/pdfs/MLComputing/026__holistic-survey-of-privacy-and-fairness-in-machine-learning.pdf",
  "k_dags": 8,
  "m_node_resamples": 8,
  "max_nodes": 16,
  "exa_k": 6,
  "retrieval_mode": "llm",
  "reconcile": "prefer_parents",
  "llm": {
    "dag": {
      "provider": "openai",
      "model": "gpt-5-mini",
      "temperature": 0.0
    },
    "node": {
      "provider": "openai",
      "model": "gpt-5-nano",
      "temperature": 0.0
    }
  },
  "global": {
    "n": 56,
    "mean": 0.4758901919450488,
    "std": 0.21954712677952348,
    "min": 0.11113302057476433,
    "max": 0.7514559975178222
  },
  "per_dag": {
    "k000": {
      "n": 8,
      "mean": 0.46926497878058165,
      "std": 0.0033544216571010426,
      "min": 0.46720927159302134,
      "max": 0.47640830205355
    },
    "k001": {
      "n": 8,
      "mean": 0.6987735411041602,
      "std": 0.004198482936498197,
      "min": 0.6916533864855362,
      "max": 0.7046803733826623
    },
    "k002": {
      "n": 8,
      "mean": 0.12107700919495643,
      "std": 0.006581754208406946,
      "min": 0.11113302057476433,
      "max": 0.13048348491675973
    },
    "k003": {
      "n": 0,
      "mean": NaN,
      "std": NaN,
      "min": NaN,
      "max": NaN
    },
    "k004": {
      "n": 8,
      "mean": 0.37687186730493993,
      "std": 0.0038011987888516194,
      "min": 0.37256956803051144,
      "max": 0.3836882733832681
    },
    "k005": {
      "n": 8,
      "mean": 0.2700895043642575,
      "std": 0.002787536412029454,
      "min": 0.2665956104127339,
      "max": 0.27527547838087985
    },
    "k006": {
      "n": 8,
      "mean": 0.7487050723028903,
      "std": 0.0026256905419799804,
      "min": 0.7436029424307938,
      "max": 0.7514559975178222
    },
    "k007": {
      "n": 8,
      "mean": 0.6464493705635554,
      "std": 0.0017239750507450312,
      "min": 0.6433131890540724,
      "max": 0.6495454484909089
    }
  },
  "node_concurrency": 8,
  "max_json_repairs": 1,
  "diagnostics": {
    "text_chars": 189170,
    "num_trials": 64,
    "num_success": 56,
    "failure_counts": {
      "dag_validation_failed": 8
    },
    "first_failure": {
      "stage": "dag_validation_failed",
      "type": "dag_validation_failed",
      "message": "Node 4: child '5' does not exist; Node 7: parent '5' does not exist; Node 8: parent '5' does not exist; Node 9: parent '5' does not exist; Node 10: parent '5' does not exist; Node 11: parent '5' does not exist; Node 12: parent '5' does not exist",
      "k": 3,
      "m": 0,
      "traceback_file": ""
    }
  }
}