{
  "paper_id": "036",
  "pdf_path": "data/pdfs/Economics/036__active-vs-passive-decisions-and-crowdout-in-retirement-savings-accounts-evidence.pdf",
  "k_dags": 8,
  "m_node_resamples": 8,
  "max_nodes": 16,
  "exa_k": 6,
  "retrieval_mode": "llm",
  "reconcile": "prefer_parents",
  "llm": {
    "dag": {
      "provider": "openai",
      "model": "gpt-5-mini",
      "temperature": 0.0
    },
    "node": {
      "provider": "openai",
      "model": "gpt-5-nano",
      "temperature": 0.0
    }
  },
  "global": {
    "n": 64,
    "mean": 0.6856702204699797,
    "std": 0.08022266206418226,
    "min": 0.5391372741494836,
    "max": 0.8163138328681382
  },
  "per_dag": {
    "k000": {
      "n": 8,
      "mean": 0.7552194384476658,
      "std": 0.002071700773107713,
      "min": 0.7521954572196984,
      "max": 0.7572808688545546
    },
    "k001": {
      "n": 8,
      "mean": 0.6267094225452661,
      "std": 0.004587505783328548,
      "min": 0.6179415841044488,
      "max": 0.6319671883638347
    },
    "k002": {
      "n": 8,
      "mean": 0.5422645017459601,
      "std": 0.0028194191962813203,
      "min": 0.5391372741494836,
      "max": 0.5453593643480976
    },
    "k003": {
      "n": 8,
      "mean": 0.6994994323340984,
      "std": 0.002245047704351963,
      "min": 0.6960535572290513,
      "max": 0.7030433137971352
    },
    "k004": {
      "n": 8,
      "mean": 0.811522552870495,
      "std": 0.002347655696508134,
      "min": 0.8084648720562286,
      "max": 0.8163138328681382
    },
    "k005": {
      "n": 8,
      "mean": 0.6481621436088755,
      "std": 0.0031170647276512107,
      "min": 0.6445977344588157,
      "max": 0.6545468762857932
    },
    "k006": {
      "n": 8,
      "mean": 0.744783938933362,
      "std": 0.0031024148640813078,
      "min": 0.7384926208847625,
      "max": 0.7492952936689695
    },
    "k007": {
      "n": 8,
      "mean": 0.6572003332741148,
      "std": 0.0024177144764928504,
      "min": 0.6534882816489712,
      "max": 0.6605720344571513
    }
  },
  "node_concurrency": 8,
  "max_json_repairs": 1,
  "diagnostics": {
    "text_chars": 223098,
    "num_trials": 64,
    "num_success": 64,
    "failure_counts": {},
    "first_failure": {}
  }
}