{
  "paper_id": "037",
  "pdf_path": "data/pdfs/MLComputing/037__an-empirical-evaluation-of-generic-convolutional-and-recurrent-networks-for-sequ.pdf",
  "k_dags": 8,
  "m_node_resamples": 8,
  "max_nodes": 16,
  "exa_k": 6,
  "retrieval_mode": "llm",
  "reconcile": "prefer_parents",
  "llm": {
    "dag": {
      "provider": "openai",
      "model": "gpt-5-mini",
      "temperature": 0.0
    },
    "node": {
      "provider": "openai",
      "model": "gpt-5-nano",
      "temperature": 0.0
    }
  },
  "global": {
    "n": 64,
    "mean": 0.4977336999527578,
    "std": 0.22556361923368304,
    "min": 0.12150054926466204,
    "max": 0.7318445505919692
  },
  "per_dag": {
    "k000": {
      "n": 8,
      "mean": 0.7283569422140024,
      "std": 0.00239918898393925,
      "min": 0.7249022028686367,
      "max": 0.7318445505919692
    },
    "k001": {
      "n": 8,
      "mean": 0.5134089496511252,
      "std": 0.0030270803629993286,
      "min": 0.507816666461268,
      "max": 0.5166101342233199
    },
    "k002": {
      "n": 8,
      "mean": 0.6070870167970899,
      "std": 0.002159320646598955,
      "min": 0.6038703824222825,
      "max": 0.611159598815718
    },
    "k003": {
      "n": 8,
      "mean": 0.7068090104908171,
      "std": 0.002353269747973734,
      "min": 0.7034716837751103,
      "max": 0.7113267624181416
    },
    "k004": {
      "n": 8,
      "mean": 0.6130402774947291,
      "std": 0.0029415383609563395,
      "min": 0.6097914808072508,
      "max": 0.6188637912654478
    },
    "k005": {
      "n": 8,
      "mean": 0.1273530498436222,
      "std": 0.004011939412910711,
      "min": 0.12150054926466204,
      "max": 0.13280711428811232
    },
    "k006": {
      "n": 8,
      "mean": 0.12715946816967852,
      "std": 0.0021331398089111677,
      "min": 0.12309993019583336,
      "max": 0.12903888389831053
    },
    "k007": {
      "n": 8,
      "mean": 0.5586548849609979,
      "std": 0.0027411328271365635,
      "min": 0.5534528408521237,
      "max": 0.5614571139948834
    }
  },
  "node_concurrency": 8,
  "max_json_repairs": 1,
  "diagnostics": {
    "text_chars": 62149,
    "num_trials": 64,
    "num_success": 64,
    "failure_counts": {},
    "first_failure": {}
  }
}