{
  "paper_id": "016",
  "pdf_path": "data/pdfs/MLComputing/016__gpu-lossy-compression-for-hpc-can-be-versatile-and-ultra-fast.pdf",
  "k_dags": 8,
  "m_node_resamples": 8,
  "max_nodes": 16,
  "exa_k": 6,
  "retrieval_mode": "llm",
  "reconcile": "prefer_parents",
  "llm": {
    "dag": {
      "provider": "openai",
      "model": "gpt-5-mini",
      "temperature": 0.0
    },
    "node": {
      "provider": "openai",
      "model": "gpt-5-nano",
      "temperature": 0.0
    }
  },
  "global": {
    "n": 64,
    "mean": 0.36364128215281777,
    "std": 0.3677222987756682,
    "min": 0.0,
    "max": 0.777432980444516
  },
  "per_dag": {
    "k000": {
      "n": 8,
      "mean": 0.0,
      "std": 0.0,
      "min": 0.0,
      "max": 0.0
    },
    "k001": {
      "n": 8,
      "mean": 0.0,
      "std": 0.0,
      "min": 0.0,
      "max": 0.0
    },
    "k002": {
      "n": 8,
      "mean": 0.7622474601535522,
      "std": 0.004526475395676825,
      "min": 0.7535860141800698,
      "max": 0.7685442613814034
    },
    "k003": {
      "n": 8,
      "mean": 0.6813442217778551,
      "std": 0.002701601810231671,
      "min": 0.6764739871835858,
      "max": 0.6846966054247059
    },
    "k004": {
      "n": 8,
      "mean": 0.0,
      "std": 0.0,
      "min": 0.0,
      "max": 0.0
    },
    "k005": {
      "n": 8,
      "mean": 0.6907943678265369,
      "std": 0.005676626395520825,
      "min": 0.6831860005630872,
      "max": 0.7024001321080529
    },
    "k006": {
      "n": 8,
      "mean": 0.0,
      "std": 0.0,
      "min": 0.0,
      "max": 0.0
    },
    "k007": {
      "n": 8,
      "mean": 0.774744207464598,
      "std": 0.002577431307269126,
      "min": 0.7700461939829212,
      "max": 0.777432980444516
    }
  },
  "node_concurrency": 8,
  "max_json_repairs": 1,
  "diagnostics": {
    "text_chars": 116273,
    "num_trials": 64,
    "num_success": 64,
    "failure_counts": {},
    "first_failure": {}
  }
}