{
  "paper_id": "017",
  "pdf_path": "data/pdfs/MLComputing/017__versatile-datapath-soft-error-detection-on-the-cheap-for-hpc-applications.pdf",
  "k_dags": 8,
  "m_node_resamples": 8,
  "max_nodes": 16,
  "exa_k": 6,
  "retrieval_mode": "llm",
  "reconcile": "prefer_parents",
  "llm": {
    "dag": {
      "provider": "openai",
      "model": "gpt-5-mini",
      "temperature": 0.0
    },
    "node": {
      "provider": "openai",
      "model": "gpt-5-nano",
      "temperature": 0.0
    }
  },
  "global": {
    "n": 64,
    "mean": 0.2293521079489982,
    "std": 0.3056578095444795,
    "min": 0.0,
    "max": 0.7463669151451129
  },
  "per_dag": {
    "k000": {
      "n": 8,
      "mean": 0.0,
      "std": 0.0,
      "min": 0.0,
      "max": 0.0
    },
    "k001": {
      "n": 8,
      "mean": 0.7406538497599751,
      "std": 0.003213945593297614,
      "min": 0.7367922513657194,
      "max": 0.7463669151451129
    },
    "k002": {
      "n": 8,
      "mean": 0.4786914518659868,
      "std": 0.004901513301609781,
      "min": 0.47288537443167317,
      "max": 0.4853297613027705
    },
    "k003": {
      "n": 8,
      "mean": 0.6154715619660238,
      "std": 0.002487855230635736,
      "min": 0.6110363115917127,
      "max": 0.6185511963853189
    },
    "k004": {
      "n": 8,
      "mean": 0.0,
      "std": 0.0,
      "min": 0.0,
      "max": 0.0
    },
    "k005": {
      "n": 8,
      "mean": 0.0,
      "std": 0.0,
      "min": 0.0,
      "max": 0.0
    },
    "k006": {
      "n": 8,
      "mean": 0.0,
      "std": 0.0,
      "min": 0.0,
      "max": 0.0
    },
    "k007": {
      "n": 8,
      "mean": 0.0,
      "std": 0.0,
      "min": 0.0,
      "max": 0.0
    }
  },
  "node_concurrency": 8,
  "max_json_repairs": 1,
  "diagnostics": {
    "text_chars": 84561,
    "num_trials": 64,
    "num_success": 64,
    "failure_counts": {},
    "first_failure": {}
  }
}