{
  "paper_id": "007",
  "pdf_path": "data/pdfs/Pyschology/007__the-nature-of-love.pdf",
  "k_dags": 8,
  "m_node_resamples": 8,
  "max_nodes": 16,
  "exa_k": 6,
  "retrieval_mode": "llm",
  "reconcile": "prefer_parents",
  "llm": {
    "dag": {
      "provider": "openai",
      "model": "gpt-5-mini",
      "temperature": 0.0
    },
    "node": {
      "provider": "openai",
      "model": "gpt-5-nano",
      "temperature": 0.0
    }
  },
  "global": {
    "n": 64,
    "mean": 0.7081591497124864,
    "std": 0.0851548822131839,
    "min": 0.568375780789893,
    "max": 0.8136362692428544
  },
  "per_dag": {
    "k000": {
      "n": 8,
      "mean": 0.6959225419274349,
      "std": 0.0032097580543209918,
      "min": 0.6907474978427393,
      "max": 0.70068290267986
    },
    "k001": {
      "n": 8,
      "mean": 0.6562377256875588,
      "std": 0.00310864203094958,
      "min": 0.65185574380185,
      "max": 0.6620497187453275
    },
    "k002": {
      "n": 8,
      "mean": 0.5732847301625811,
      "std": 0.004474356543802694,
      "min": 0.568375780789893,
      "max": 0.5831274424231792
    },
    "k003": {
      "n": 8,
      "mean": 0.8101701192201587,
      "std": 0.002680766195089565,
      "min": 0.8058847632514937,
      "max": 0.8136362692428544
    },
    "k004": {
      "n": 8,
      "mean": 0.6020529524996935,
      "std": 0.0017690376914067734,
      "min": 0.5985387094260525,
      "max": 0.6041402298698753
    },
    "k005": {
      "n": 8,
      "mean": 0.7582378047201672,
      "std": 0.005056757676307408,
      "min": 0.7505461864216673,
      "max": 0.7666930637569374
    },
    "k006": {
      "n": 8,
      "mean": 0.7916119956819201,
      "std": 0.002321696706086396,
      "min": 0.7873795600573507,
      "max": 0.7955061059986431
    },
    "k007": {
      "n": 8,
      "mean": 0.777755327800377,
      "std": 0.004274729789062165,
      "min": 0.7688884235486164,
      "max": 0.7816863952769179
    }
  },
  "node_concurrency": 8,
  "max_json_repairs": 1,
  "diagnostics": {
    "text_chars": 37878,
    "num_trials": 64,
    "num_success": 64,
    "failure_counts": {},
    "first_failure": {}
  }
}