{
  "paper_id": "029",
  "pdf_path": "data/pdfs/MLComputing/029__machine-learning-interpretability-a-survey-on-methods-and-metrics.pdf",
  "k_dags": 8,
  "m_node_resamples": 8,
  "max_nodes": 16,
  "exa_k": 6,
  "retrieval_mode": "llm",
  "reconcile": "prefer_parents",
  "llm": {
    "dag": {
      "provider": "openai",
      "model": "gpt-5-mini",
      "temperature": 0.0
    },
    "node": {
      "provider": "openai",
      "model": "gpt-5-nano",
      "temperature": 0.0
    }
  },
  "global": {
    "n": 64,
    "mean": 0.5558968657758643,
    "std": 0.2128036282593233,
    "min": 0.11723959053982949,
    "max": 0.7550067625476775
  },
  "per_dag": {
    "k000": {
      "n": 8,
      "mean": 0.12313343826481957,
      "std": 0.0030708052552428106,
      "min": 0.11723959053982949,
      "max": 0.12618560940811796
    },
    "k001": {
      "n": 8,
      "mean": 0.6143686536313868,
      "std": 0.0036673738452789543,
      "min": 0.60853791068328,
      "max": 0.6202903166681313
    },
    "k002": {
      "n": 8,
      "mean": 0.41313255888315625,
      "std": 0.005361499682849223,
      "min": 0.406839110061472,
      "max": 0.42154663668710574
    },
    "k003": {
      "n": 8,
      "mean": 0.6887534983811021,
      "std": 0.004396789330794308,
      "min": 0.6829570761491901,
      "max": 0.6948460883259547
    },
    "k004": {
      "n": 8,
      "mean": 0.7472580539528927,
      "std": 0.001868426972127328,
      "min": 0.7445335895507774,
      "max": 0.7493873450103349
    },
    "k005": {
      "n": 8,
      "mean": 0.7192662725290434,
      "std": 0.0015622063454868607,
      "min": 0.7163740539630225,
      "max": 0.7213805606452252
    },
    "k006": {
      "n": 8,
      "mean": 0.749595490650192,
      "std": 0.0037633573556897456,
      "min": 0.7436108620721806,
      "max": 0.7550067625476775
    },
    "k007": {
      "n": 8,
      "mean": 0.39166695991432104,
      "std": 0.0029814153548829462,
      "min": 0.387547027455768,
      "max": 0.39637224111529007
    }
  },
  "node_concurrency": 8,
  "max_json_repairs": 1,
  "diagnostics": {
    "text_chars": 133203,
    "num_trials": 64,
    "num_success": 64,
    "failure_counts": {},
    "first_failure": {}
  }
}