{
  "paper_id": "039",
  "pdf_path": "data/pdfs/MLComputing/039__assessing-the-effect-of-pca-based-dimensionality-reduction-on-machine-learning-p.pdf",
  "k_dags": 8,
  "m_node_resamples": 8,
  "max_nodes": 16,
  "exa_k": 6,
  "retrieval_mode": "llm",
  "reconcile": "prefer_parents",
  "llm": {
    "dag": {
      "provider": "openai",
      "model": "gpt-5-mini",
      "temperature": 0.0
    },
    "node": {
      "provider": "openai",
      "model": "gpt-5-nano",
      "temperature": 0.0
    }
  },
  "global": {
    "n": 64,
    "mean": 0.6519764398530747,
    "std": 0.06373918630819378,
    "min": 0.5473087607172757,
    "max": 0.7487208146478013
  },
  "per_dag": {
    "k000": {
      "n": 8,
      "mean": 0.6833593558286516,
      "std": 0.0034173614796079222,
      "min": 0.6779179869237614,
      "max": 0.6876083793028392
    },
    "k001": {
      "n": 8,
      "mean": 0.746273296870219,
      "std": 0.0021086682107279322,
      "min": 0.7419296134534245,
      "max": 0.7487208146478013
    },
    "k002": {
      "n": 8,
      "mean": 0.6107285551397851,
      "std": 0.002836961815491264,
      "min": 0.6077984676928809,
      "max": 0.6153983846521366
    },
    "k003": {
      "n": 8,
      "mean": 0.5521209989840349,
      "std": 0.003123373168418194,
      "min": 0.5473087607172757,
      "max": 0.5563985519156096
    },
    "k004": {
      "n": 8,
      "mean": 0.7247546261255475,
      "std": 0.0075022042616267,
      "min": 0.7073118685774754,
      "max": 0.730695666466384
    },
    "k005": {
      "n": 8,
      "mean": 0.6788503164628326,
      "std": 0.0040415810766716385,
      "min": 0.6692631681403037,
      "max": 0.6818472757077363
    },
    "k006": {
      "n": 8,
      "mean": 0.6295877334739421,
      "std": 0.0018610422317994438,
      "min": 0.6266628002498231,
      "max": 0.6318714907813566
    },
    "k007": {
      "n": 8,
      "mean": 0.5901366359395847,
      "std": 0.00208675271150438,
      "min": 0.5872184825688366,
      "max": 0.5926218301206517
    }
  },
  "node_concurrency": 8,
  "max_json_repairs": 1,
  "diagnostics": {
    "text_chars": 15816,
    "num_trials": 64,
    "num_success": 64,
    "failure_counts": {},
    "first_failure": {}
  }
}