{
  "paper_id": "042",
  "pdf_path": "data/pdfs/MLComputing/042__image-processing-based-performance-evaluation-of-knn-and-svm-classifiers-for-lun.pdf",
  "k_dags": 8,
  "m_node_resamples": 8,
  "max_nodes": 16,
  "exa_k": 6,
  "retrieval_mode": "llm",
  "reconcile": "prefer_parents",
  "llm": {
    "dag": {
      "provider": "openai",
      "model": "gpt-5-mini",
      "temperature": 0.0
    },
    "node": {
      "provider": "openai",
      "model": "gpt-5-nano",
      "temperature": 0.0
    }
  },
  "global": {
    "n": 64,
    "mean": 0.6831886664216392,
    "std": 0.07797422634574497,
    "min": 0.5593164879075724,
    "max": 0.7891496547968617
  },
  "per_dag": {
    "k000": {
      "n": 8,
      "mean": 0.6470594536151169,
      "std": 0.00350062664916874,
      "min": 0.641668550322305,
      "max": 0.6518422389818738
    },
    "k001": {
      "n": 8,
      "mean": 0.5740092422332542,
      "std": 0.002232744303959949,
      "min": 0.5706476752229019,
      "max": 0.5774277858712267
    },
    "k002": {
      "n": 8,
      "mean": 0.7021119939099243,
      "std": 0.0031256330984250477,
      "min": 0.6979381630773889,
      "max": 0.706801666322506
    },
    "k003": {
      "n": 8,
      "mean": 0.6806406003109233,
      "std": 0.003929758241116546,
      "min": 0.6744399561542597,
      "max": 0.684985953183421
    },
    "k004": {
      "n": 8,
      "mean": 0.7681733908614361,
      "std": 0.003970329796661223,
      "min": 0.7619051743421147,
      "max": 0.774051446521371
    },
    "k005": {
      "n": 8,
      "mean": 0.7841417313403888,
      "std": 0.003280043260390877,
      "min": 0.779664844685392,
      "max": 0.7891496547968617
    },
    "k006": {
      "n": 8,
      "mean": 0.7417386893005549,
      "std": 0.003871759789440351,
      "min": 0.7344801951386746,
      "max": 0.7461570218475095
    },
    "k007": {
      "n": 8,
      "mean": 0.5676342298015155,
      "std": 0.004952771828749105,
      "min": 0.5593164879075724,
      "max": 0.5741573994328678
    }
  },
  "node_concurrency": 8,
  "max_json_repairs": 1,
  "diagnostics": {
    "text_chars": 32292,
    "num_trials": 64,
    "num_success": 64,
    "failure_counts": {},
    "first_failure": {}
  }
}