{
  "paper_id": "027",
  "pdf_path": "data/pdfs/Economics/027__switching-economics-for-physics-and-the-carbon-price-inflation-problems-in-integ.pdf",
  "k_dags": 8,
  "m_node_resamples": 8,
  "max_nodes": 16,
  "exa_k": 6,
  "retrieval_mode": "llm",
  "reconcile": "prefer_parents",
  "llm": {
    "dag": {
      "provider": "openai",
      "model": "gpt-5-mini",
      "temperature": 0.0
    },
    "node": {
      "provider": "openai",
      "model": "gpt-5-nano",
      "temperature": 0.0
    }
  },
  "global": {
    "n": 64,
    "mean": 0.7280912692492307,
    "std": 0.05634038353110787,
    "min": 0.6445074878798234,
    "max": 0.8339225279860013
  },
  "per_dag": {
    "k000": {
      "n": 8,
      "mean": 0.7509546360225603,
      "std": 0.005013979245971484,
      "min": 0.7394630440331408,
      "max": 0.7557276494460546
    },
    "k001": {
      "n": 8,
      "mean": 0.8255905290625603,
      "std": 0.006569004403987801,
      "min": 0.8168910593207274,
      "max": 0.8339225279860013
    },
    "k002": {
      "n": 8,
      "mean": 0.7502977020769291,
      "std": 0.0038054823029406884,
      "min": 0.744876532433004,
      "max": 0.7561347035059688
    },
    "k003": {
      "n": 8,
      "mean": 0.7069660510955986,
      "std": 0.002151523671562833,
      "min": 0.7034877633116143,
      "max": 0.7095103551139322
    },
    "k004": {
      "n": 8,
      "mean": 0.7627047483905031,
      "std": 0.0024086937707944256,
      "min": 0.7597271256823743,
      "max": 0.7680260700427038
    },
    "k005": {
      "n": 8,
      "mean": 0.6489017053728101,
      "std": 0.002143780844670106,
      "min": 0.6463642611250089,
      "max": 0.6523459669701859
    },
    "k006": {
      "n": 8,
      "mean": 0.6479515469978452,
      "std": 0.0030879681545874053,
      "min": 0.6445074878798234,
      "max": 0.6533108334681244
    },
    "k007": {
      "n": 8,
      "mean": 0.7313632349750397,
      "std": 0.006123623962420598,
      "min": 0.724936204724705,
      "max": 0.73937033592926
    }
  },
  "node_concurrency": 8,
  "max_json_repairs": 1,
  "diagnostics": {
    "text_chars": 68499,
    "num_trials": 64,
    "num_success": 64,
    "failure_counts": {},
    "first_failure": {}
  }
}