paper_key,paper_id,sheet,title,rating,n_trials,n_unique_k,total_var,between_dag_var_of_means,avg_within_dag_var,between_over_total,within_over_total,score_mean,score_std
sheet_alpha__000__good-paper,000,sheet_alpha,000__good-paper,Good,4,2,0.00012499999999999938,2.5000000000000045e-05,9.999999999999963e-05,0.20000000000000134,0.8000000000000009,0.805,0.01118033988749892
sheet_alpha__001__bad-paper,001,sheet_alpha,001__bad-paper,Bad,4,2,0.0003687499999999999,5.624999999999969e-05,0.0003125,0.15254237288135514,0.8474576271186444,0.4275,0.019202864369671516
