{
  "paper_id": "016",
  "pdf_path": "data/pdfs/Economics/016__ergodicity-economics-in-plain-english.pdf",
  "k_dags": 8,
  "m_node_resamples": 8,
  "max_nodes": 16,
  "exa_k": 6,
  "retrieval_mode": "llm",
  "reconcile": "prefer_parents",
  "llm": {
    "dag": {
      "provider": "openai",
      "model": "gpt-5-mini",
      "temperature": 0.0
    },
    "node": {
      "provider": "openai",
      "model": "gpt-5-nano",
      "temperature": 0.0
    }
  },
  "global": {
    "n": 64,
    "mean": 0.5619631090049185,
    "std": 0.25284444857506944,
    "min": 0.0,
    "max": 0.7543443315084865
  },
  "per_dag": {
    "k000": {
      "n": 8,
      "mean": 0.6464588197747562,
      "std": 0.00623516785452931,
      "min": 0.633947126002694,
      "max": 0.6527382214536726
    },
    "k001": {
      "n": 8,
      "mean": 0.6878412944601028,
      "std": 0.009160291325461863,
      "min": 0.6771216930947406,
      "max": 0.703784537593673
    },
    "k002": {
      "n": 8,
      "mean": 0.6824083039831919,
      "std": 0.006074623834802062,
      "min": 0.6720451207721637,
      "max": 0.688953597735987
    },
    "k003": {
      "n": 8,
      "mean": 0.7474812275074961,
      "std": 0.005821096103364184,
      "min": 0.7389407383516171,
      "max": 0.7543443315084865
    },
    "k004": {
      "n": 8,
      "mean": 0.30115977081160894,
      "std": 0.007778082928362217,
      "min": 0.29234719046005336,
      "max": 0.312278394262196
    },
    "k005": {
      "n": 8,
      "mean": 0.7307984172850759,
      "std": 0.004732466322117109,
      "min": 0.7241779620771377,
      "max": 0.7384870960733044
    },
    "k006": {
      "n": 8,
      "mean": 0.0,
      "std": 0.0,
      "min": 0.0,
      "max": 0.0
    },
    "k007": {
      "n": 8,
      "mean": 0.6995570382171163,
      "std": 0.006935919940121739,
      "min": 0.6876610874033727,
      "max": 0.7075731682756622
    }
  },
  "node_concurrency": 8,
  "max_json_repairs": 1,
  "diagnostics": {
    "text_chars": 25920,
    "num_trials": 64,
    "num_success": 64,
    "failure_counts": {},
    "first_failure": {}
  }
}