{
  "paper_id": "050",
  "pdf_path": "data/pdfs/MLComputing/050__adam-a-method-for-stochastic-optimization.pdf",
  "k_dags": 8,
  "m_node_resamples": 8,
  "max_nodes": 16,
  "exa_k": 6,
  "retrieval_mode": "llm",
  "reconcile": "prefer_parents",
  "llm": {
    "dag": {
      "provider": "openai",
      "model": "gpt-5-mini",
      "temperature": 0.0
    },
    "node": {
      "provider": "openai",
      "model": "gpt-5-nano",
      "temperature": 0.0
    }
  },
  "global": {
    "n": 56,
    "mean": 0.1554761145404171,
    "std": 0.2194864894205989,
    "min": 0.0,
    "max": 0.5542500731897932
  },
  "per_dag": {
    "k000": {
      "n": 0,
      "mean": NaN,
      "std": NaN,
      "min": NaN,
      "max": NaN
    },
    "k001": {
      "n": 8,
      "mean": 0.0,
      "std": 0.0,
      "min": 0.0,
      "max": 0.0
    },
    "k002": {
      "n": 8,
      "mean": 0.5439297840104178,
      "std": 0.00561616726485283,
      "min": 0.5368810796662224,
      "max": 0.5542500731897932
    },
    "k003": {
      "n": 8,
      "mean": 0.10442615848621313,
      "std": 0.004390178597282128,
      "min": 0.09600825543767028,
      "max": 0.10803651610091523
    },
    "k004": {
      "n": 8,
      "mean": 0.0,
      "std": 0.0,
      "min": 0.0,
      "max": 0.0
    },
    "k005": {
      "n": 8,
      "mean": 0.43997685928628877,
      "std": 0.004740872835055941,
      "min": 0.43066108466780667,
      "max": 0.44442566891072727
    },
    "k006": {
      "n": 8,
      "mean": 0.0,
      "std": 0.0,
      "min": 0.0,
      "max": 0.0
    },
    "k007": {
      "n": 8,
      "mean": 0.0,
      "std": 0.0,
      "min": 0.0,
      "max": 0.0
    }
  },
  "node_concurrency": 8,
  "max_json_repairs": 1,
  "diagnostics": {
    "text_chars": 42163,
    "num_trials": 64,
    "num_success": 56,
    "failure_counts": {
      "dag_validation_failed": 8
    },
    "first_failure": {
      "stage": "dag_validation_failed",
      "type": "dag_validation_failed",
      "message": "Node 12: unknown role 'Extension'",
      "k": 0,
      "m": 0,
      "traceback_file": ""
    }
  }
}