{
  "paper_id": "009",
  "pdf_path": "data/pdfs/MLComputing/009__a-review-on-internet-of-thing-for-home-automation.pdf",
  "k_dags": 8,
  "m_node_resamples": 8,
  "max_nodes": 16,
  "exa_k": 6,
  "retrieval_mode": "llm",
  "reconcile": "prefer_parents",
  "llm": {
    "dag": {
      "provider": "openai",
      "model": "gpt-5-mini",
      "temperature": 0.0
    },
    "node": {
      "provider": "openai",
      "model": "gpt-5-nano",
      "temperature": 0.0
    }
  },
  "global": {
    "n": 64,
    "mean": 0.2547394157094108,
    "std": 0.23805090232579418,
    "min": 0.0,
    "max": 0.595956407640695
  },
  "per_dag": {
    "k000": {
      "n": 8,
      "mean": 0.5910143127546743,
      "std": 0.003516778697339722,
      "min": 0.5866921631997795,
      "max": 0.595956407640695
    },
    "k001": {
      "n": 8,
      "mean": 0.0,
      "std": 0.0,
      "min": 0.0,
      "max": 0.0
    },
    "k002": {
      "n": 8,
      "mean": 0.3677767313969828,
      "std": 0.004044124117378556,
      "min": 0.36173009162378783,
      "max": 0.37298076700831
    },
    "k003": {
      "n": 8,
      "mean": 0.11947753293563668,
      "std": 0.005692579032949042,
      "min": 0.11028155177544013,
      "max": 0.12636935041253036
    },
    "k004": {
      "n": 8,
      "mean": 0.0,
      "std": 0.0,
      "min": 0.0,
      "max": 0.0
    },
    "k005": {
      "n": 8,
      "mean": 0.5347595463611325,
      "std": 0.0031555601060848804,
      "min": 0.5300538146176401,
      "max": 0.5377215633754397
    },
    "k006": {
      "n": 8,
      "mean": 0.4248872022268597,
      "std": 0.003034500427362502,
      "min": 0.41794813802055775,
      "max": 0.4281830976597238
    },
    "k007": {
      "n": 8,
      "mean": 0.0,
      "std": 0.0,
      "min": 0.0,
      "max": 0.0
    }
  },
  "node_concurrency": 8,
  "max_json_repairs": 1,
  "diagnostics": {
    "text_chars": 15580,
    "num_trials": 64,
    "num_success": 64,
    "failure_counts": {},
    "first_failure": {}
  }
}