{
  "paper_id": "025",
  "pdf_path": "data/pdfs/MLComputing/025__towards-trustworthy-and-aligned-machine-learning-a-data-centric-survey-with-caus.pdf",
  "k_dags": 8,
  "m_node_resamples": 8,
  "max_nodes": 16,
  "exa_k": 6,
  "retrieval_mode": "llm",
  "reconcile": "prefer_parents",
  "llm": {
    "dag": {
      "provider": "openai",
      "model": "gpt-5-mini",
      "temperature": 0.0
    },
    "node": {
      "provider": "openai",
      "model": "gpt-5-nano",
      "temperature": 0.0
    }
  },
  "global": {
    "n": 64,
    "mean": 0.6078487466453567,
    "std": 0.09174958080029674,
    "min": 0.4754252612422308,
    "max": 0.714706405135979
  },
  "per_dag": {
    "k000": {
      "n": 8,
      "mean": 0.680411775107103,
      "std": 0.002957037339011943,
      "min": 0.6775989651763684,
      "max": 0.6852986964896076
    },
    "k001": {
      "n": 8,
      "mean": 0.7104691375441317,
      "std": 0.002736583094014882,
      "min": 0.7057528206716339,
      "max": 0.714706405135979
    },
    "k002": {
      "n": 8,
      "mean": 0.48909979358026495,
      "std": 0.0038450718228101727,
      "min": 0.4835796981176625,
      "max": 0.4956179786606098
    },
    "k003": {
      "n": 8,
      "mean": 0.5366342302096965,
      "std": 0.004864153253549262,
      "min": 0.5300353673074342,
      "max": 0.5442317698501874
    },
    "k004": {
      "n": 8,
      "mean": 0.693660256406951,
      "std": 0.0019825416952823052,
      "min": 0.6906526525939851,
      "max": 0.6956595630809098
    },
    "k005": {
      "n": 8,
      "mean": 0.48086238958816624,
      "std": 0.004243883948756791,
      "min": 0.4754252612422308,
      "max": 0.4843846068765949
    },
    "k006": {
      "n": 8,
      "mean": 0.6913653218864062,
      "std": 0.005453043195127241,
      "min": 0.6836033433139821,
      "max": 0.6996734314769235
    },
    "k007": {
      "n": 8,
      "mean": 0.5802870688401338,
      "std": 0.002530506614131019,
      "min": 0.575883195056007,
      "max": 0.5839297792541646
    }
  },
  "node_concurrency": 8,
  "max_json_repairs": 1,
  "diagnostics": {
    "text_chars": 351509,
    "num_trials": 64,
    "num_success": 64,
    "failure_counts": {},
    "first_failure": {}
  }
}