{
  "paper_id": "010",
  "pdf_path": "data/pdfs/Economics/010__political-selection-and-persistence-of-bad-governments.pdf",
  "k_dags": 8,
  "m_node_resamples": 8,
  "max_nodes": 16,
  "exa_k": 6,
  "retrieval_mode": "llm",
  "reconcile": "prefer_parents",
  "llm": {
    "dag": {
      "provider": "openai",
      "model": "gpt-5-mini",
      "temperature": 0.0
    },
    "node": {
      "provider": "openai",
      "model": "gpt-5-nano",
      "temperature": 0.0
    }
  },
  "global": {
    "n": 56,
    "mean": 0.4741986489693699,
    "std": 0.3088483942796313,
    "min": 0.0,
    "max": 0.7816074081848988
  },
  "per_dag": {
    "k000": {
      "n": 0,
      "mean": NaN,
      "std": NaN,
      "min": NaN,
      "max": NaN
    },
    "k001": {
      "n": 8,
      "mean": 0.5739098917622077,
      "std": 0.005294758011457306,
      "min": 0.5686302752382315,
      "max": 0.5824132620589876
    },
    "k002": {
      "n": 8,
      "mean": 0.7140303910893169,
      "std": 0.003967631841815127,
      "min": 0.7086003961038516,
      "max": 0.7191026331343726
    },
    "k003": {
      "n": 8,
      "mean": 0.6106593906749126,
      "std": 0.0059744561592589476,
      "min": 0.6003834954497482,
      "max": 0.6171330209488167
    },
    "k004": {
      "n": 8,
      "mean": 0.645957616601545,
      "std": 0.0022002126287049726,
      "min": 0.6424926641221851,
      "max": 0.6484193954433993
    },
    "k005": {
      "n": 8,
      "mean": 0.7748332526576072,
      "std": 0.004777300984244533,
      "min": 0.7692409699909228,
      "max": 0.7816074081848988
    },
    "k006": {
      "n": 8,
      "mean": 0.0,
      "std": 0.0,
      "min": 0.0,
      "max": 0.0
    },
    "k007": {
      "n": 8,
      "mean": 0.0,
      "std": 0.0,
      "min": 0.0,
      "max": 0.0
    }
  },
  "node_concurrency": 8,
  "max_json_repairs": 1,
  "diagnostics": {
    "text_chars": 170905,
    "num_trials": 64,
    "num_success": 56,
    "failure_counts": {
      "dag_validation_failed": 8
    },
    "first_failure": {
      "stage": "dag_validation_failed",
      "type": "dag_validation_failed",
      "message": "Node 11: unknown role 'Mechanism'",
      "k": 0,
      "m": 0,
      "traceback_file": ""
    }
  }
}