{
  "paper_id": "009",
  "pdf_path": "data/pdfs/Economics/009__the-colonial-origins-of-comparative-development-an-empirical-investigation.pdf",
  "k_dags": 8,
  "m_node_resamples": 8,
  "max_nodes": 16,
  "exa_k": 6,
  "retrieval_mode": "llm",
  "reconcile": "prefer_parents",
  "llm": {
    "dag": {
      "provider": "openai",
      "model": "gpt-5-mini",
      "temperature": 0.0
    },
    "node": {
      "provider": "openai",
      "model": "gpt-5-nano",
      "temperature": 0.0
    }
  },
  "global": {
    "n": 64,
    "mean": 0.6947843555712526,
    "std": 0.1116910818898121,
    "min": 0.4690983435286086,
    "max": 0.7926548709831506
  },
  "per_dag": {
    "k000": {
      "n": 8,
      "mean": 0.7615419970338091,
      "std": 0.0023248825372212834,
      "min": 0.7584134236988909,
      "max": 0.7650741724344042
    },
    "k001": {
      "n": 8,
      "mean": 0.7763870800080427,
      "std": 0.004890738424311653,
      "min": 0.7712957713656232,
      "max": 0.7860894928169246
    },
    "k002": {
      "n": 8,
      "mean": 0.6707657949573764,
      "std": 0.0035866614319885266,
      "min": 0.666275561176937,
      "max": 0.6767627070472662
    },
    "k003": {
      "n": 8,
      "mean": 0.7826732457408323,
      "std": 0.0049674880513256294,
      "min": 0.7766633776364616,
      "max": 0.7926548709831506
    },
    "k004": {
      "n": 8,
      "mean": 0.47143669728788046,
      "std": 0.0026704503441444005,
      "min": 0.4690983435286086,
      "max": 0.4755225360070107
    },
    "k005": {
      "n": 8,
      "mean": 0.7766887625909469,
      "std": 0.0038900072505313175,
      "min": 0.7692238645772729,
      "max": 0.7827289328883414
    },
    "k006": {
      "n": 8,
      "mean": 0.560411411267177,
      "std": 0.006828435716136368,
      "min": 0.5533833260683926,
      "max": 0.5751379841730621
    },
    "k007": {
      "n": 8,
      "mean": 0.7583698556839564,
      "std": 0.003762369142156783,
      "min": 0.7519860728006084,
      "max": 0.764743900128418
    }
  },
  "node_concurrency": 8,
  "max_json_repairs": 1,
  "diagnostics": {
    "text_chars": 131932,
    "num_trials": 64,
    "num_success": 64,
    "failure_counts": {},
    "first_failure": {}
  }
}