{
  "paper_id": "030",
  "pdf_path": "data/pdfs/MLComputing/030__explainable-trustworthy-and-ethical-machine-learning-for-healthcare-a-survey.pdf",
  "k_dags": 8,
  "m_node_resamples": 8,
  "max_nodes": 16,
  "exa_k": 6,
  "retrieval_mode": "llm",
  "reconcile": "prefer_parents",
  "llm": {
    "dag": {
      "provider": "openai",
      "model": "gpt-5-mini",
      "temperature": 0.0
    },
    "node": {
      "provider": "openai",
      "model": "gpt-5-nano",
      "temperature": 0.0
    }
  },
  "global": {
    "n": 64,
    "mean": 0.5141933246371765,
    "std": 0.19861290853760136,
    "min": 0.11427617631997358,
    "max": 0.7223736823860704
  },
  "per_dag": {
    "k000": {
      "n": 8,
      "mean": 0.7095682093858096,
      "std": 0.005808699221443078,
      "min": 0.702123523213877,
      "max": 0.719397540660614
    },
    "k001": {
      "n": 8,
      "mean": 0.41616891582176496,
      "std": 0.002874507808983904,
      "min": 0.4119924687538795,
      "max": 0.4206838310932029
    },
    "k002": {
      "n": 8,
      "mean": 0.6081879505635847,
      "std": 0.003325972760139109,
      "min": 0.6054123828192763,
      "max": 0.6156718765888292
    },
    "k003": {
      "n": 8,
      "mean": 0.35945822222185614,
      "std": 0.004022636395140564,
      "min": 0.3533308021506657,
      "max": 0.3659899367256453
    },
    "k004": {
      "n": 8,
      "mean": 0.6884369672560275,
      "std": 0.0035638603770436292,
      "min": 0.6847490197212907,
      "max": 0.6950020232264764
    },
    "k005": {
      "n": 8,
      "mean": 0.49539272959473135,
      "std": 0.003493069124492407,
      "min": 0.4905520905814801,
      "max": 0.5011187312228313
    },
    "k006": {
      "n": 8,
      "mean": 0.11747494189010531,
      "std": 0.0036000624747746742,
      "min": 0.11427617631997358,
      "max": 0.12468062179368047
    },
    "k007": {
      "n": 8,
      "mean": 0.7188586603635321,
      "std": 0.00269086686317556,
      "min": 0.7134029166092039,
      "max": 0.7223736823860704
    }
  },
  "node_concurrency": 8,
  "max_json_repairs": 1,
  "diagnostics": {
    "text_chars": 161842,
    "num_trials": 64,
    "num_success": 64,
    "failure_counts": {},
    "first_failure": {}
  }
}