{
  "paper_id": "041",
  "pdf_path": "data/pdfs/MLComputing/041__using-random-forest-to-learn-imbalanced-data.pdf",
  "k_dags": 8,
  "m_node_resamples": 8,
  "max_nodes": 16,
  "exa_k": 6,
  "retrieval_mode": "llm",
  "reconcile": "prefer_parents",
  "llm": {
    "dag": {
      "provider": "openai",
      "model": "gpt-5-mini",
      "temperature": 0.0
    },
    "node": {
      "provider": "openai",
      "model": "gpt-5-nano",
      "temperature": 0.0
    }
  },
  "global": {
    "n": 64,
    "mean": 0.6077121468437835,
    "std": 0.20096487751854278,
    "min": 0.11510334152259238,
    "max": 0.7658165399250316
  },
  "per_dag": {
    "k000": {
      "n": 8,
      "mean": 0.7053186215722116,
      "std": 0.0034709221113303082,
      "min": 0.6989853969149437,
      "max": 0.7106316233945958
    },
    "k001": {
      "n": 8,
      "mean": 0.7077631916430229,
      "std": 0.0037673472034305596,
      "min": 0.7022428167897247,
      "max": 0.7139878919477776
    },
    "k002": {
      "n": 8,
      "mean": 0.7622458651049049,
      "std": 0.003911083238858116,
      "min": 0.7542476905233813,
      "max": 0.7658165399250316
    },
    "k003": {
      "n": 8,
      "mean": 0.5098313986166504,
      "std": 0.001306662762923881,
      "min": 0.5085422127748331,
      "max": 0.5118050892803144
    },
    "k004": {
      "n": 8,
      "mean": 0.1217771467749647,
      "std": 0.003982609708945348,
      "min": 0.11510334152259238,
      "max": 0.12800365108392264
    },
    "k005": {
      "n": 8,
      "mean": 0.7041093433024731,
      "std": 0.0021121996001744496,
      "min": 0.699131814850152,
      "max": 0.7057581124562464
    },
    "k006": {
      "n": 8,
      "mean": 0.60319807002323,
      "std": 0.004043093411958162,
      "min": 0.5955303353790812,
      "max": 0.608780254738616
    },
    "k007": {
      "n": 8,
      "mean": 0.74745353771281,
      "std": 0.00237803061769956,
      "min": 0.7433190774493441,
      "max": 0.7500442833041319
    }
  },
  "node_concurrency": 8,
  "max_json_repairs": 1,
  "diagnostics": {
    "text_chars": 24249,
    "num_trials": 64,
    "num_success": 64,
    "failure_counts": {},
    "first_failure": {}
  }
}