{
  "paper_id": "033",
  "pdf_path": "data/pdfs/MLComputing/033__a-survey-on-neural-network-interpretability.pdf",
  "k_dags": 8,
  "m_node_resamples": 8,
  "max_nodes": 16,
  "exa_k": 6,
  "retrieval_mode": "llm",
  "reconcile": "prefer_parents",
  "llm": {
    "dag": {
      "provider": "openai",
      "model": "gpt-5-mini",
      "temperature": 0.0
    },
    "node": {
      "provider": "openai",
      "model": "gpt-5-nano",
      "temperature": 0.0
    }
  },
  "global": {
    "n": 64,
    "mean": 0.2687377560167956,
    "std": 0.21355450263769887,
    "min": 0.0,
    "max": 0.6954097560628558
  },
  "per_dag": {
    "k000": {
      "n": 8,
      "mean": 0.0,
      "std": 0.0,
      "min": 0.0,
      "max": 0.0
    },
    "k001": {
      "n": 8,
      "mean": 0.4392356373904442,
      "std": 0.003270810761461018,
      "min": 0.4339985912486958,
      "max": 0.44503061700532515
    },
    "k002": {
      "n": 8,
      "mean": 0.338118368492807,
      "std": 0.0040179914472320945,
      "min": 0.33136299343834535,
      "max": 0.34390326887717687
    },
    "k003": {
      "n": 8,
      "mean": 0.11150925198323045,
      "std": 0.002478131839464066,
      "min": 0.10605330812301167,
      "max": 0.11415734874487296
    },
    "k004": {
      "n": 8,
      "mean": 0.34359051971263743,
      "std": 0.004468831339498105,
      "min": 0.33524729479117504,
      "max": 0.34865281116156016
    },
    "k005": {
      "n": 8,
      "mean": 0.687470953940534,
      "std": 0.004697014682889792,
      "min": 0.6783833643103051,
      "max": 0.6954097560628558
    },
    "k006": {
      "n": 8,
      "mean": 0.11356532346322867,
      "std": 0.004153137234074343,
      "min": 0.10914681708521477,
      "max": 0.11974672179469947
    },
    "k007": {
      "n": 8,
      "mean": 0.11641199315148293,
      "std": 0.004375586121695385,
      "min": 0.10900709518067274,
      "max": 0.12148641561878944
    }
  },
  "node_concurrency": 8,
  "max_json_repairs": 1,
  "diagnostics": {
    "text_chars": 111442,
    "num_trials": 64,
    "num_success": 64,
    "failure_counts": {},
    "first_failure": {}
  }
}