{
  "paper_id": "022",
  "pdf_path": "data/pdfs/MLComputing/022__modeling-soft-error-propagation-in-programs.pdf",
  "k_dags": 8,
  "m_node_resamples": 8,
  "max_nodes": 16,
  "exa_k": 6,
  "retrieval_mode": "llm",
  "reconcile": "prefer_parents",
  "llm": {
    "dag": {
      "provider": "openai",
      "model": "gpt-5-mini",
      "temperature": 0.0
    },
    "node": {
      "provider": "openai",
      "model": "gpt-5-nano",
      "temperature": 0.0
    }
  },
  "global": {
    "n": 64,
    "mean": 0.43241470478409855,
    "std": 0.340347796073054,
    "min": 0.0,
    "max": 0.7965788478517447
  },
  "per_dag": {
    "k000": {
      "n": 8,
      "mean": 0.699352360072595,
      "std": 0.001744493134893254,
      "min": 0.6976794148427319,
      "max": 0.7022397119928595
    },
    "k001": {
      "n": 8,
      "mean": 0.7934581129214181,
      "std": 0.003348905906634041,
      "min": 0.7864072901747234,
      "max": 0.7965788478517447
    },
    "k002": {
      "n": 8,
      "mean": 0.6670710683203201,
      "std": 0.0028819599209629738,
      "min": 0.6633613198897547,
      "max": 0.671197911815672
    },
    "k003": {
      "n": 8,
      "mean": 0.6425894836238375,
      "std": 0.004359148818598348,
      "min": 0.6352510463067367,
      "max": 0.648907967517305
    },
    "k004": {
      "n": 8,
      "mean": 0.0,
      "std": 0.0,
      "min": 0.0,
      "max": 0.0
    },
    "k005": {
      "n": 8,
      "mean": 0.0,
      "std": 0.0,
      "min": 0.0,
      "max": 0.0
    },
    "k006": {
      "n": 8,
      "mean": 0.0,
      "std": 0.0,
      "min": 0.0,
      "max": 0.0
    },
    "k007": {
      "n": 8,
      "mean": 0.6568466133346176,
      "std": 0.00411502358907564,
      "min": 0.6485953945474628,
      "max": 0.6622577985606978
    }
  },
  "node_concurrency": 8,
  "max_json_repairs": 1,
  "diagnostics": {
    "text_chars": 77009,
    "num_trials": 64,
    "num_success": 64,
    "failure_counts": {},
    "first_failure": {}
  }
}