{
  "paper_id": "044",
  "pdf_path": "data/pdfs/Economics/044__economic-growth-in-a-cross-section-of-countries.pdf",
  "k_dags": 8,
  "m_node_resamples": 8,
  "max_nodes": 16,
  "exa_k": 6,
  "retrieval_mode": "llm",
  "reconcile": "prefer_parents",
  "llm": {
    "dag": {
      "provider": "openai",
      "model": "gpt-5-mini",
      "temperature": 0.0
    },
    "node": {
      "provider": "openai",
      "model": "gpt-5-nano",
      "temperature": 0.0
    }
  },
  "global": {
    "n": 64,
    "mean": 0.5612326549878693,
    "std": 0.33136406415883524,
    "min": 0.0,
    "max": 0.8332398242784665
  },
  "per_dag": {
    "k000": {
      "n": 8,
      "mean": 0.7244348115154167,
      "std": 0.008253925395218391,
      "min": 0.7110058981404384,
      "max": 0.7353008503480023
    },
    "k001": {
      "n": 8,
      "mean": 0.0,
      "std": 0.0,
      "min": 0.0,
      "max": 0.0
    },
    "k002": {
      "n": 8,
      "mean": 0.8229626670023376,
      "std": 0.005288474705683155,
      "min": 0.8152933746618489,
      "max": 0.8332398242784665
    },
    "k003": {
      "n": 8,
      "mean": 0.760504486792507,
      "std": 0.002848134266095814,
      "min": 0.7567037116459686,
      "max": 0.7651414784867736
    },
    "k004": {
      "n": 8,
      "mean": 0.0,
      "std": 0.0,
      "min": 0.0,
      "max": 0.0
    },
    "k005": {
      "n": 8,
      "mean": 0.6219872823383044,
      "std": 0.0031386325305222153,
      "min": 0.6181094949835151,
      "max": 0.6271495989212521
    },
    "k006": {
      "n": 8,
      "mean": 0.7933335555385158,
      "std": 0.0036738830281830004,
      "min": 0.7887421181428068,
      "max": 0.7985890559317599
    },
    "k007": {
      "n": 8,
      "mean": 0.766638436715873,
      "std": 0.004247367196790877,
      "min": 0.7594546051441591,
      "max": 0.7723924867329338
    }
  },
  "node_concurrency": 8,
  "max_json_repairs": 1,
  "diagnostics": {
    "text_chars": 65480,
    "num_trials": 64,
    "num_success": 64,
    "failure_counts": {},
    "first_failure": {}
  }
}