{
  "paper_id": "035",
  "pdf_path": "data/pdfs/Economics/035__measuring-the-impacts-of-teachers-ii-teacher-value-added-and-student-outcomes-in.pdf",
  "k_dags": 8,
  "m_node_resamples": 8,
  "max_nodes": 16,
  "exa_k": 6,
  "retrieval_mode": "llm",
  "reconcile": "prefer_parents",
  "llm": {
    "dag": {
      "provider": "openai",
      "model": "gpt-5-mini",
      "temperature": 0.0
    },
    "node": {
      "provider": "openai",
      "model": "gpt-5-nano",
      "temperature": 0.0
    }
  },
  "global": {
    "n": 64,
    "mean": 0.6441308453412098,
    "std": 0.24610280453046698,
    "min": 0.0,
    "max": 0.7598566269274754
  },
  "per_dag": {
    "k000": {
      "n": 8,
      "mean": 0.7398702022848869,
      "std": 0.002934288350409263,
      "min": 0.7341394333223188,
      "max": 0.7439040627177921
    },
    "k001": {
      "n": 8,
      "mean": 0.7329406132185753,
      "std": 0.003381911956342823,
      "min": 0.7290723464519704,
      "max": 0.7389078864923548
    },
    "k002": {
      "n": 8,
      "mean": 0.6957577216211047,
      "std": 0.002398906378974074,
      "min": 0.6924302344442217,
      "max": 0.6993189265578814
    },
    "k003": {
      "n": 8,
      "mean": 0.7522941429857104,
      "std": 0.003849383859788409,
      "min": 0.7463133143344314,
      "max": 0.7566398054629823
    },
    "k004": {
      "n": 8,
      "mean": 0.7557541460711923,
      "std": 0.004455447721583849,
      "min": 0.7475850818072601,
      "max": 0.7598566269274754
    },
    "k005": {
      "n": 8,
      "mean": 0.752585516607164,
      "std": 0.002740208626039044,
      "min": 0.7475467613690547,
      "max": 0.7565287673588795
    },
    "k006": {
      "n": 8,
      "mean": 0.0,
      "std": 0.0,
      "min": 0.0,
      "max": 0.0
    },
    "k007": {
      "n": 8,
      "mean": 0.7238444199410452,
      "std": 0.002030528296051315,
      "min": 0.7197174959989926,
      "max": 0.7255916447126901
    }
  },
  "node_concurrency": 8,
  "max_json_repairs": 1,
  "diagnostics": {
    "text_chars": 165342,
    "num_trials": 64,
    "num_success": 64,
    "failure_counts": {},
    "first_failure": {}
  }
}