{
  "paper_id": "006",
  "pdf_path": "data/pdfs/Pyschology/006__studies-of-interference-in-serial-verbal-reactions.pdf",
  "k_dags": 8,
  "m_node_resamples": 8,
  "max_nodes": 16,
  "exa_k": 6,
  "retrieval_mode": "llm",
  "reconcile": "prefer_parents",
  "llm": {
    "dag": {
      "provider": "openai",
      "model": "gpt-5-mini",
      "temperature": 0.0
    },
    "node": {
      "provider": "openai",
      "model": "gpt-5-nano",
      "temperature": 0.0
    }
  },
  "global": {
    "n": 64,
    "mean": 0.6912682338905,
    "std": 0.030576934531864528,
    "min": 0.6450304473169254,
    "max": 0.7737458463239177
  },
  "per_dag": {
    "k000": {
      "n": 8,
      "mean": 0.685842449868296,
      "std": 0.0027835271299883465,
      "min": 0.6826256572401357,
      "max": 0.6909686584887988
    },
    "k001": {
      "n": 8,
      "mean": 0.6998426095137458,
      "std": 0.003069876755064298,
      "min": 0.6962392279719397,
      "max": 0.7040729916513778
    },
    "k002": {
      "n": 8,
      "mean": 0.7585674443735709,
      "std": 0.0069818603391388345,
      "min": 0.7515746760116627,
      "max": 0.7737458463239177
    },
    "k003": {
      "n": 8,
      "mean": 0.647071911980485,
      "std": 0.0020959720045853098,
      "min": 0.6450304473169254,
      "max": 0.6502629751783519
    },
    "k004": {
      "n": 8,
      "mean": 0.7011562294834628,
      "std": 0.0030757542620538127,
      "min": 0.6975193045095688,
      "max": 0.7062857973561435
    },
    "k005": {
      "n": 8,
      "mean": 0.673597425986089,
      "std": 0.006135322119846004,
      "min": 0.6640695183885423,
      "max": 0.6819842936367385
    },
    "k006": {
      "n": 8,
      "mean": 0.6753058513602217,
      "std": 0.0018241399641447662,
      "min": 0.6731322692908651,
      "max": 0.6776619352615871
    },
    "k007": {
      "n": 8,
      "mean": 0.6887619485581281,
      "std": 0.0007613770326729851,
      "min": 0.6877219725730234,
      "max": 0.6899091096521668
    }
  },
  "node_concurrency": 8,
  "max_json_repairs": 1,
  "diagnostics": {
    "text_chars": 42220,
    "num_trials": 64,
    "num_success": 64,
    "failure_counts": {},
    "first_failure": {}
  }
}