{
  "paper_id": "012",
  "pdf_path": "data/pdfs/MLComputing/012__decision-tree-based-diabetes-prediction.pdf",
  "k_dags": 8,
  "m_node_resamples": 8,
  "max_nodes": 16,
  "exa_k": 6,
  "retrieval_mode": "llm",
  "reconcile": "prefer_parents",
  "llm": {
    "dag": {
      "provider": "openai",
      "model": "gpt-5-mini",
      "temperature": 0.0
    },
    "node": {
      "provider": "openai",
      "model": "gpt-5-nano",
      "temperature": 0.0
    }
  },
  "global": {
    "n": 64,
    "mean": 0.5269227048168538,
    "std": 0.24980203589557898,
    "min": 0.0,
    "max": 0.7272439628816215
  },
  "per_dag": {
    "k000": {
      "n": 8,
      "mean": 0.0,
      "std": 0.0,
      "min": 0.0,
      "max": 0.0
    },
    "k001": {
      "n": 8,
      "mean": 0.6484919189631807,
      "std": 0.006395958911957101,
      "min": 0.6386547712605756,
      "max": 0.6607642912737538
    },
    "k002": {
      "n": 8,
      "mean": 0.41306666177888257,
      "std": 0.0029950748646489517,
      "min": 0.4095994691229412,
      "max": 0.4177685712823165
    },
    "k003": {
      "n": 8,
      "mean": 0.7103527683825125,
      "std": 0.006401161283307684,
      "min": 0.6957167152562097,
      "max": 0.7161847969300179
    },
    "k004": {
      "n": 8,
      "mean": 0.706986749313381,
      "std": 0.005380605082100339,
      "min": 0.7009399174599878,
      "max": 0.717104328106345
    },
    "k005": {
      "n": 8,
      "mean": 0.7205306063380861,
      "std": 0.0038028003760725666,
      "min": 0.715545324672999,
      "max": 0.7272439628816215
    },
    "k006": {
      "n": 8,
      "mean": 0.30605465281732763,
      "std": 0.00492998741973956,
      "min": 0.29998501824858076,
      "max": 0.3138759909338537
    },
    "k007": {
      "n": 8,
      "mean": 0.7098982809414598,
      "std": 0.008508196872370541,
      "min": 0.6954296373156069,
      "max": 0.7180870630996242
    }
  },
  "node_concurrency": 8,
  "max_json_repairs": 1,
  "diagnostics": {
    "text_chars": 22470,
    "num_trials": 64,
    "num_success": 64,
    "failure_counts": {},
    "first_failure": {}
  }
}