{
  "paper_id": "031",
  "pdf_path": "data/pdfs/Economics/031__where-is-the-land-of-opportunity-the-geography-of-intergenerational-mobility-in-.pdf",
  "k_dags": 8,
  "m_node_resamples": 8,
  "max_nodes": 16,
  "exa_k": 6,
  "retrieval_mode": "llm",
  "reconcile": "prefer_parents",
  "llm": {
    "dag": {
      "provider": "openai",
      "model": "gpt-5-mini",
      "temperature": 0.0
    },
    "node": {
      "provider": "openai",
      "model": "gpt-5-nano",
      "temperature": 0.0
    }
  },
  "global": {
    "n": 56,
    "mean": 0.646156715375834,
    "std": 0.09936235143767894,
    "min": 0.4816208289105841,
    "max": 0.7716284889558118
  },
  "per_dag": {
    "k000": {
      "n": 8,
      "mean": 0.6852441626872299,
      "std": 0.0034702074609859255,
      "min": 0.6806235870828926,
      "max": 0.6914438960005532
    },
    "k001": {
      "n": 8,
      "mean": 0.6605665610328357,
      "std": 0.0024415489444591155,
      "min": 0.6570138962693937,
      "max": 0.6639545590235029
    },
    "k002": {
      "n": 8,
      "mean": 0.5517036379178147,
      "std": 0.003741950288433067,
      "min": 0.5478497345148466,
      "max": 0.5582808961677249
    },
    "k003": {
      "n": 0,
      "mean": NaN,
      "std": NaN,
      "min": NaN,
      "max": NaN
    },
    "k004": {
      "n": 8,
      "mean": 0.6079428518850934,
      "std": 0.0035369845834175486,
      "min": 0.6015809366738658,
      "max": 0.6114365314686726
    },
    "k005": {
      "n": 8,
      "mean": 0.7659812166380984,
      "std": 0.0021813613467255096,
      "min": 0.7627985206427911,
      "max": 0.7700923798894321
    },
    "k006": {
      "n": 8,
      "mean": 0.48348597089486617,
      "std": 0.0017851611542025994,
      "min": 0.4816208289105841,
      "max": 0.48627980475918237
    },
    "k007": {
      "n": 8,
      "mean": 0.7681726065748997,
      "std": 0.0024864907344151546,
      "min": 0.7648544696864972,
      "max": 0.7716284889558118
    }
  },
  "node_concurrency": 8,
  "max_json_repairs": 1,
  "diagnostics": {
    "text_chars": 190403,
    "num_trials": 64,
    "num_success": 56,
    "failure_counts": {
      "dag_validation_failed": 8
    },
    "first_failure": {
      "stage": "dag_validation_failed",
      "type": "dag_validation_failed",
      "message": "Node 11: unknown role 'Claim/Evidence'",
      "k": 3,
      "m": 0,
      "traceback_file": ""
    }
  }
}