{
  "paper_id": "043",
  "pdf_path": "data/pdfs/Economics/043__the-time-interpretation-of-expected-utility-theory.pdf",
  "k_dags": 8,
  "m_node_resamples": 8,
  "max_nodes": 16,
  "exa_k": 6,
  "retrieval_mode": "llm",
  "reconcile": "prefer_parents",
  "llm": {
    "dag": {
      "provider": "openai",
      "model": "gpt-5-mini",
      "temperature": 0.0
    },
    "node": {
      "provider": "openai",
      "model": "gpt-5-nano",
      "temperature": 0.0
    }
  },
  "global": {
    "n": 56,
    "mean": 0.5131597391730001,
    "std": 0.1279313399387586,
    "min": 0.33289254204984475,
    "max": 0.7457662257425721
  },
  "per_dag": {
    "k000": {
      "n": 0,
      "mean": NaN,
      "std": NaN,
      "min": NaN,
      "max": NaN
    },
    "k001": {
      "n": 8,
      "mean": 0.4407952019096985,
      "std": 0.005760685348617194,
      "min": 0.4322405713668976,
      "max": 0.4470570795075489
    },
    "k002": {
      "n": 8,
      "mean": 0.3520056072430093,
      "std": 0.010880616705782569,
      "min": 0.33289254204984475,
      "max": 0.36583618302400905
    },
    "k003": {
      "n": 8,
      "mean": 0.4802805669844842,
      "std": 0.004968971518523996,
      "min": 0.4713462351615255,
      "max": 0.4863377216666433
    },
    "k004": {
      "n": 8,
      "mean": 0.5468492870644871,
      "std": 0.009248508180888555,
      "min": 0.5328599208947553,
      "max": 0.5625064242385112
    },
    "k005": {
      "n": 8,
      "mean": 0.631271553311368,
      "std": 0.006156859409256438,
      "min": 0.6196231695522726,
      "max": 0.6388725213280677
    },
    "k006": {
      "n": 8,
      "mean": 0.7411047787786363,
      "std": 0.0060347260754818645,
      "min": 0.727445890043837,
      "max": 0.7457662257425721
    },
    "k007": {
      "n": 8,
      "mean": 0.39981117891931695,
      "std": 0.007134504611980173,
      "min": 0.386868190959149,
      "max": 0.4086362104000747
    }
  },
  "node_concurrency": 8,
  "max_json_repairs": 1,
  "diagnostics": {
    "text_chars": 33535,
    "num_trials": 64,
    "num_success": 56,
    "failure_counts": {
      "dag_validation_failed": 8
    },
    "first_failure": {
      "stage": "dag_validation_failed",
      "type": "dag_validation_failed",
      "message": "Node 8: unknown role 'Example'; Node 9: unknown role 'Example'; Node 10: unknown role 'Example'; Node 11: unknown role 'Example'",
      "k": 0,
      "m": 0,
      "traceback_file": ""
    }
  }
}