{
  "paper_id": "006",
  "pdf_path": "data/pdfs/MLComputing/006__iot-based-smart-home-automation-systems-enhancing-energy-efficiency-and-security.pdf",
  "k_dags": 8,
  "m_node_resamples": 8,
  "max_nodes": 16,
  "exa_k": 6,
  "retrieval_mode": "llm",
  "reconcile": "prefer_parents",
  "llm": {
    "dag": {
      "provider": "openai",
      "model": "gpt-5-mini",
      "temperature": 0.0
    },
    "node": {
      "provider": "openai",
      "model": "gpt-5-nano",
      "temperature": 0.0
    }
  },
  "global": {
    "n": 48,
    "mean": 0.29840351762791006,
    "std": 0.1673671949703318,
    "min": 0.11091635927894217,
    "max": 0.5169000900712237
  },
  "per_dag": {
    "k000": {
      "n": 8,
      "mean": 0.5138970859684495,
      "std": 0.0022896512693116856,
      "min": 0.5103894387657308,
      "max": 0.5169000900712237
    },
    "k001": {
      "n": 0,
      "mean": NaN,
      "std": NaN,
      "min": NaN,
      "max": NaN
    },
    "k002": {
      "n": 8,
      "mean": 0.1925157373236624,
      "std": 0.0034310662547918855,
      "min": 0.18880118604000473,
      "max": 0.19812308805401962
    },
    "k003": {
      "n": 8,
      "mean": 0.3466248504439081,
      "std": 0.0027483351025235523,
      "min": 0.34408718945307254,
      "max": 0.3513545787967911
    },
    "k004": {
      "n": 8,
      "mean": 0.11821225113749173,
      "std": 0.004415815482843657,
      "min": 0.11091635927894217,
      "max": 0.1235460329753494
    },
    "k005": {
      "n": 0,
      "mean": NaN,
      "std": NaN,
      "min": NaN,
      "max": NaN
    },
    "k006": {
      "n": 8,
      "mean": 0.4990798700275668,
      "std": 0.0030612688056789305,
      "min": 0.4919465160984999,
      "max": 0.5017209861520936
    },
    "k007": {
      "n": 8,
      "mean": 0.12009131086638179,
      "std": 0.0037501245108509406,
      "min": 0.11311867851315695,
      "max": 0.12364340659349632
    }
  },
  "node_concurrency": 8,
  "max_json_repairs": 1,
  "diagnostics": {
    "text_chars": 47800,
    "num_trials": 64,
    "num_success": 48,
    "failure_counts": {
      "dag_validation_failed": 16
    },
    "first_failure": {
      "stage": "dag_validation_failed",
      "type": "dag_validation_failed",
      "message": "Node 14: unknown role 'Recommendation'",
      "k": 1,
      "m": 0,
      "traceback_file": ""
    }
  }
}