{
  "paper_id": "008",
  "pdf_path": "data/pdfs/Pyschology/008__cognitive-consequences-of-forced-compliance.pdf",
  "k_dags": 8,
  "m_node_resamples": 8,
  "max_nodes": 16,
  "exa_k": 6,
  "retrieval_mode": "llm",
  "reconcile": "prefer_parents",
  "llm": {
    "dag": {
      "provider": "openai",
      "model": "gpt-5-mini",
      "temperature": 0.0
    },
    "node": {
      "provider": "openai",
      "model": "gpt-5-nano",
      "temperature": 0.0
    }
  },
  "global": {
    "n": 64,
    "mean": 0.6413583013978154,
    "std": 0.17684624562519205,
    "min": 0.19114317667355846,
    "max": 0.7817671961998056
  },
  "per_dag": {
    "k000": {
      "n": 8,
      "mean": 0.7498623586872469,
      "std": 0.0030798794446256967,
      "min": 0.7444562952147441,
      "max": 0.75367525492498
    },
    "k001": {
      "n": 8,
      "mean": 0.6267383281783505,
      "std": 0.005283349128355518,
      "min": 0.6199219265401369,
      "max": 0.6357207502672831
    },
    "k002": {
      "n": 8,
      "mean": 0.7513759876107097,
      "std": 0.004497538972366372,
      "min": 0.7449253934088453,
      "max": 0.757261283854475
    },
    "k003": {
      "n": 8,
      "mean": 0.707265274768333,
      "std": 0.006575575328346721,
      "min": 0.7004158444490928,
      "max": 0.7199694130952212
    },
    "k004": {
      "n": 8,
      "mean": 0.7791576745847586,
      "std": 0.0026735665469932862,
      "min": 0.7746181827941995,
      "max": 0.7817671961998056
    },
    "k005": {
      "n": 8,
      "mean": 0.6980775599049552,
      "std": 0.005683865767564254,
      "min": 0.6904735019032138,
      "max": 0.7079328614589957
    },
    "k006": {
      "n": 8,
      "mean": 0.19982584241287238,
      "std": 0.005923721814773193,
      "min": 0.19114317667355846,
      "max": 0.2073052122319296
    },
    "k007": {
      "n": 8,
      "mean": 0.6185633850352962,
      "std": 0.005148300200257123,
      "min": 0.6125377613536409,
      "max": 0.6278998163785978
    }
  },
  "node_concurrency": 8,
  "max_json_repairs": 1,
  "diagnostics": {
    "text_chars": 33145,
    "num_trials": 64,
    "num_success": 64,
    "failure_counts": {},
    "first_failure": {}
  }
}