{
  "paper_id": "005",
  "pdf_path": "data/pdfs/Economics/005__almost-ideal-demand-system.pdf",
  "k_dags": 8,
  "m_node_resamples": 8,
  "max_nodes": 16,
  "exa_k": 6,
  "retrieval_mode": "llm",
  "reconcile": "prefer_parents",
  "llm": {
    "dag": {
      "provider": "openai",
      "model": "gpt-5-mini",
      "temperature": 0.0
    },
    "node": {
      "provider": "openai",
      "model": "gpt-5-nano",
      "temperature": 0.0
    }
  },
  "global": {
    "n": 64,
    "mean": 0.5602073746150315,
    "std": 0.2179881793976539,
    "min": 0.0,
    "max": 0.7254047919670518
  },
  "per_dag": {
    "k000": {
      "n": 8,
      "mean": 0.5925766560875673,
      "std": 0.0045646329975759905,
      "min": 0.5864079005388139,
      "max": 0.5985237761136579
    },
    "k001": {
      "n": 8,
      "mean": 0.0,
      "std": 0.0,
      "min": 0.0,
      "max": 0.0
    },
    "k002": {
      "n": 8,
      "mean": 0.7197434950496983,
      "std": 0.003557313821960075,
      "min": 0.7152550067769003,
      "max": 0.7254047919670518
    },
    "k003": {
      "n": 8,
      "mean": 0.5849013968711767,
      "std": 0.006668191665283352,
      "min": 0.5748917696566621,
      "max": 0.5950518862945522
    },
    "k004": {
      "n": 8,
      "mean": 0.6278744963908246,
      "std": 0.005925930775924192,
      "min": 0.6178192672639959,
      "max": 0.6369529823690114
    },
    "k005": {
      "n": 8,
      "mean": 0.6641217436123656,
      "std": 0.010224075036402186,
      "min": 0.6430286420925114,
      "max": 0.6739858145955799
    },
    "k006": {
      "n": 8,
      "mean": 0.6085496816653128,
      "std": 0.007530340234618026,
      "min": 0.5963064292671103,
      "max": 0.6198979294447445
    },
    "k007": {
      "n": 8,
      "mean": 0.683891527243306,
      "std": 0.0044681854901652725,
      "min": 0.6779923517557813,
      "max": 0.6892918691125016
    }
  },
  "node_concurrency": 8,
  "max_json_repairs": 1,
  "diagnostics": {
    "text_chars": 54685,
    "num_trials": 64,
    "num_success": 64,
    "failure_counts": {},
    "first_failure": {}
  }
}