{
  "paper_id": "024",
  "pdf_path": "data/pdfs/MLComputing/024__binfi-an-efficient-fault-injector-for-safety-critical-machine-learning-systems.pdf",
  "k_dags": 8,
  "m_node_resamples": 8,
  "max_nodes": 16,
  "exa_k": 6,
  "retrieval_mode": "llm",
  "reconcile": "prefer_parents",
  "llm": {
    "dag": {
      "provider": "openai",
      "model": "gpt-5-mini",
      "temperature": 0.0
    },
    "node": {
      "provider": "openai",
      "model": "gpt-5-nano",
      "temperature": 0.0
    }
  },
  "global": {
    "n": 64,
    "mean": 0.6430614744692578,
    "std": 0.13268834349456324,
    "min": 0.3143025267020933,
    "max": 0.7454764695342148
  },
  "per_dag": {
    "k000": {
      "n": 8,
      "mean": 0.7082636449666687,
      "std": 0.003007525796115382,
      "min": 0.7024716041590807,
      "max": 0.7129862889219131
    },
    "k001": {
      "n": 8,
      "mean": 0.574700412505241,
      "std": 0.003876330376407338,
      "min": 0.5666939022390618,
      "max": 0.579904763005494
    },
    "k002": {
      "n": 8,
      "mean": 0.6762623120117398,
      "std": 0.005242244311592895,
      "min": 0.6662627259481246,
      "max": 0.6816818507969652
    },
    "k003": {
      "n": 8,
      "mean": 0.7154770359761105,
      "std": 0.0032051941260768857,
      "min": 0.7097919401753576,
      "max": 0.7195999214683192
    },
    "k004": {
      "n": 8,
      "mean": 0.7398050799856083,
      "std": 0.004551943676536301,
      "min": 0.7319606179765843,
      "max": 0.7454764695342148
    },
    "k005": {
      "n": 8,
      "mean": 0.7302249808806041,
      "std": 0.007613332692967734,
      "min": 0.7160676526432943,
      "max": 0.739718084506702
    },
    "k006": {
      "n": 8,
      "mean": 0.3192596014492644,
      "std": 0.003689529929835449,
      "min": 0.3143025267020933,
      "max": 0.3242902897963378
    },
    "k007": {
      "n": 8,
      "mean": 0.6804987279788258,
      "std": 0.006509018774519037,
      "min": 0.665714370334346,
      "max": 0.6868956396140751
    }
  },
  "node_concurrency": 8,
  "max_json_repairs": 1,
  "diagnostics": {
    "text_chars": 125236,
    "num_trials": 64,
    "num_success": 64,
    "failure_counts": {},
    "first_failure": {}
  }
}