{
  "paper_id": "039",
  "pdf_path": "data/pdfs/Economics/039__income-segregation-and-intergenerational-mobility-across-colleges-in-the-united-.pdf",
  "k_dags": 8,
  "m_node_resamples": 8,
  "max_nodes": 16,
  "exa_k": 6,
  "retrieval_mode": "llm",
  "reconcile": "prefer_parents",
  "llm": {
    "dag": {
      "provider": "openai",
      "model": "gpt-5-mini",
      "temperature": 0.0
    },
    "node": {
      "provider": "openai",
      "model": "gpt-5-nano",
      "temperature": 0.0
    }
  },
  "global": {
    "n": 64,
    "mean": 0.5159406050172032,
    "std": 0.3047764672873645,
    "min": 0.0,
    "max": 0.8026367945189279
  },
  "per_dag": {
    "k000": {
      "n": 8,
      "mean": 0.6932817504488515,
      "std": 0.002371788645566849,
      "min": 0.6896204205352183,
      "max": 0.6966832579055496
    },
    "k001": {
      "n": 8,
      "mean": 0.7106462564827782,
      "std": 0.0030428566359769977,
      "min": 0.7059203267831677,
      "max": 0.7141977087181307
    },
    "k002": {
      "n": 8,
      "mean": 0.6696696441060738,
      "std": 0.004537318610168476,
      "min": 0.6607795755048069,
      "max": 0.6743040213939777
    },
    "k003": {
      "n": 8,
      "mean": 0.5732049692089323,
      "std": 0.0018081274424585228,
      "min": 0.5696704315638245,
      "max": 0.5759469754176442
    },
    "k004": {
      "n": 8,
      "mean": 0.0,
      "std": 0.0,
      "min": 0.0,
      "max": 0.0
    },
    "k005": {
      "n": 8,
      "mean": 0.0,
      "std": 0.0,
      "min": 0.0,
      "max": 0.0
    },
    "k006": {
      "n": 8,
      "mean": 0.7109849611673258,
      "std": 0.0023065212345670847,
      "min": 0.7081314034033415,
      "max": 0.7144345749890894
    },
    "k007": {
      "n": 8,
      "mean": 0.769737258723664,
      "std": 0.019812386019819227,
      "min": 0.7555947788549148,
      "max": 0.8026367945189279
    }
  },
  "node_concurrency": 8,
  "max_json_repairs": 1,
  "diagnostics": {
    "text_chars": 186436,
    "num_trials": 64,
    "num_success": 64,
    "failure_counts": {},
    "first_failure": {}
  }
}