{
  "paper_id": "018",
  "pdf_path": "data/pdfs/Economics/018__the-cost-benefit-fallacy-why-cost-benefit-analysis-is-broken-and-how-to-fix-it.pdf",
  "k_dags": 8,
  "m_node_resamples": 8,
  "max_nodes": 16,
  "exa_k": 6,
  "retrieval_mode": "llm",
  "reconcile": "prefer_parents",
  "llm": {
    "dag": {
      "provider": "openai",
      "model": "gpt-5-mini",
      "temperature": 0.0
    },
    "node": {
      "provider": "openai",
      "model": "gpt-5-nano",
      "temperature": 0.0
    }
  },
  "global": {
    "n": 64,
    "mean": 0.6836107664586242,
    "std": 0.06486256000778194,
    "min": 0.5484867164397824,
    "max": 0.7610745768204349
  },
  "per_dag": {
    "k000": {
      "n": 8,
      "mean": 0.5520767969623812,
      "std": 0.0025858180057423464,
      "min": 0.5484867164397824,
      "max": 0.5565113827083009
    },
    "k001": {
      "n": 8,
      "mean": 0.688298265101031,
      "std": 0.0023757291718610163,
      "min": 0.6860132244727669,
      "max": 0.6932480353201359
    },
    "k002": {
      "n": 8,
      "mean": 0.700663509858398,
      "std": 0.0011139035522526992,
      "min": 0.698334208395596,
      "max": 0.7020447717609923
    },
    "k003": {
      "n": 8,
      "mean": 0.7103896821034281,
      "std": 0.003388006309361373,
      "min": 0.7061371007365213,
      "max": 0.7150246340364469
    },
    "k004": {
      "n": 8,
      "mean": 0.7321014403670806,
      "std": 0.004050783558560481,
      "min": 0.7236872980202003,
      "max": 0.7361081688869487
    },
    "k005": {
      "n": 8,
      "mean": 0.7532031535019994,
      "std": 0.005275907111010269,
      "min": 0.7468376098932967,
      "max": 0.7610745768204349
    },
    "k006": {
      "n": 8,
      "mean": 0.7249037612889966,
      "std": 0.0013047950692254785,
      "min": 0.7233340138945171,
      "max": 0.726638327625467
    },
    "k007": {
      "n": 8,
      "mean": 0.6072495224856782,
      "std": 0.002934859654145134,
      "min": 0.6031663287233577,
      "max": 0.6129538427091202
    }
  },
  "node_concurrency": 8,
  "max_json_repairs": 1,
  "diagnostics": {
    "text_chars": 79912,
    "num_trials": 64,
    "num_success": 64,
    "failure_counts": {},
    "first_failure": {}
  }
}