{
  "paper_id": "045",
  "pdf_path": "data/pdfs/MLComputing/045__random-forests.pdf",
  "k_dags": 8,
  "m_node_resamples": 8,
  "max_nodes": 16,
  "exa_k": 6,
  "retrieval_mode": "llm",
  "reconcile": "prefer_parents",
  "llm": {
    "dag": {
      "provider": "openai",
      "model": "gpt-5-mini",
      "temperature": 0.0
    },
    "node": {
      "provider": "openai",
      "model": "gpt-5-nano",
      "temperature": 0.0
    }
  },
  "global": {
    "n": 64,
    "mean": 0.3328564293938195,
    "std": 0.33776594467207455,
    "min": 0.0,
    "max": 0.7494331316464505
  },
  "per_dag": {
    "k000": {
      "n": 8,
      "mean": 0.0,
      "std": 0.0,
      "min": 0.0,
      "max": 0.0
    },
    "k001": {
      "n": 8,
      "mean": 0.6363429127385563,
      "std": 0.003544871562440818,
      "min": 0.6322334990635005,
      "max": 0.641247955982683
    },
    "k002": {
      "n": 8,
      "mean": 0.6907021482100466,
      "std": 0.00628783324466516,
      "min": 0.6812702371263389,
      "max": 0.6969196259021156
    },
    "k003": {
      "n": 8,
      "mean": 0.0,
      "std": 0.0,
      "min": 0.0,
      "max": 0.0
    },
    "k004": {
      "n": 8,
      "mean": 0.5954310690102858,
      "std": 0.003699440228630212,
      "min": 0.5893987757827646,
      "max": 0.6013329061414217
    },
    "k005": {
      "n": 8,
      "mean": 0.7403753051916675,
      "std": 0.00479079448211829,
      "min": 0.7325868917640849,
      "max": 0.7494331316464505
    },
    "k006": {
      "n": 8,
      "mean": 0.0,
      "std": 0.0,
      "min": 0.0,
      "max": 0.0
    },
    "k007": {
      "n": 8,
      "mean": 0.0,
      "std": 0.0,
      "min": 0.0,
      "max": 0.0
    }
  },
  "node_concurrency": 8,
  "max_json_repairs": 1,
  "diagnostics": {
    "text_chars": 58686,
    "num_trials": 64,
    "num_success": 64,
    "failure_counts": {},
    "first_failure": {}
  }
}