{
  "paper_id": "021",
  "pdf_path": "data/pdfs/MLComputing/021__druto-upper-bounding-silent-data-corruption-vulnerability-in-gpu-applications.pdf",
  "k_dags": 8,
  "m_node_resamples": 8,
  "max_nodes": 16,
  "exa_k": 6,
  "retrieval_mode": "llm",
  "reconcile": "prefer_parents",
  "llm": {
    "dag": {
      "provider": "openai",
      "model": "gpt-5-mini",
      "temperature": 0.0
    },
    "node": {
      "provider": "openai",
      "model": "gpt-5-nano",
      "temperature": 0.0
    }
  },
  "global": {
    "n": 56,
    "mean": 0.4776820137153662,
    "std": 0.31990611727082907,
    "min": 0.0,
    "max": 0.7826674150337106
  },
  "per_dag": {
    "k000": {
      "n": 8,
      "mean": 0.0,
      "std": 0.0,
      "min": 0.0,
      "max": 0.0
    },
    "k001": {
      "n": 8,
      "mean": 0.459906370860934,
      "std": 0.0019960256511215007,
      "min": 0.45740620929078535,
      "max": 0.46370675924570554
    },
    "k002": {
      "n": 8,
      "mean": 0.756879388177824,
      "std": 0.0037640191339514623,
      "min": 0.751136177918118,
      "max": 0.7603082232742634
    },
    "k003": {
      "n": 8,
      "mean": 0.6457997220400246,
      "std": 0.005439187945619106,
      "min": 0.6340203343336855,
      "max": 0.6505793976982165
    },
    "k004": {
      "n": 8,
      "mean": 0.7749740857821733,
      "std": 0.00667078625315639,
      "min": 0.7645638371446932,
      "max": 0.7826674150337106
    },
    "k005": {
      "n": 8,
      "mean": 0.7062145291466077,
      "std": 0.0025432427534837,
      "min": 0.7021466246693336,
      "max": 0.7095705566874455
    },
    "k006": {
      "n": 8,
      "mean": 0.0,
      "std": 0.0,
      "min": 0.0,
      "max": 0.0
    },
    "k007": {
      "n": 0,
      "mean": NaN,
      "std": NaN,
      "min": NaN,
      "max": NaN
    }
  },
  "node_concurrency": 8,
  "max_json_repairs": 1,
  "diagnostics": {
    "text_chars": 74797,
    "num_trials": 64,
    "num_success": 56,
    "failure_counts": {
      "dag_validation_failed": 8
    },
    "first_failure": {
      "stage": "dag_validation_failed",
      "type": "dag_validation_failed",
      "message": "Node 3: unknown role 'Observation'; Node 4: unknown role 'Observation'",
      "k": 7,
      "m": 0,
      "traceback_file": ""
    }
  }
}