{
  "paper_id": "011",
  "pdf_path": "data/pdfs/Economics/011__monetary-economics-from-econophysics-perspective.pdf",
  "k_dags": 8,
  "m_node_resamples": 8,
  "max_nodes": 16,
  "exa_k": 6,
  "retrieval_mode": "llm",
  "reconcile": "prefer_parents",
  "llm": {
    "dag": {
      "provider": "openai",
      "model": "gpt-5-mini",
      "temperature": 0.0
    },
    "node": {
      "provider": "openai",
      "model": "gpt-5-nano",
      "temperature": 0.0
    }
  },
  "global": {
    "n": 64,
    "mean": 0.7055845068889587,
    "std": 0.05705684668983725,
    "min": 0.628365466780819,
    "max": 0.8306548625375453
  },
  "per_dag": {
    "k000": {
      "n": 8,
      "mean": 0.6644942494634196,
      "std": 0.005759109349171232,
      "min": 0.6530487054285603,
      "max": 0.6716023109385497
    },
    "k001": {
      "n": 8,
      "mean": 0.7095323500131632,
      "std": 0.005175426472677937,
      "min": 0.70296472988951,
      "max": 0.7196369992331952
    },
    "k002": {
      "n": 8,
      "mean": 0.8163139117718708,
      "std": 0.006939292755385206,
      "min": 0.8073091477081359,
      "max": 0.8306548625375453
    },
    "k003": {
      "n": 8,
      "mean": 0.636322588478595,
      "std": 0.005863008197502902,
      "min": 0.628365466780819,
      "max": 0.6431909301621427
    },
    "k004": {
      "n": 8,
      "mean": 0.6784259742241832,
      "std": 0.0031994170662499456,
      "min": 0.6727507787438977,
      "max": 0.681374381297876
    },
    "k005": {
      "n": 8,
      "mean": 0.7605545416467956,
      "std": 0.009745803124275507,
      "min": 0.7427424040461811,
      "max": 0.7695543546060495
    },
    "k006": {
      "n": 8,
      "mean": 0.7237026657725952,
      "std": 0.004557380530756554,
      "min": 0.7177650324976071,
      "max": 0.731170117235523
    },
    "k007": {
      "n": 8,
      "mean": 0.6553297737410467,
      "std": 0.005526007159193652,
      "min": 0.6495686146046586,
      "max": 0.6641988146950604
    }
  },
  "node_concurrency": 8,
  "max_json_repairs": 1,
  "diagnostics": {
    "text_chars": 85281,
    "num_trials": 64,
    "num_success": 64,
    "failure_counts": {},
    "first_failure": {}
  }
}