{
  "paper_id": "020",
  "pdf_path": "data/pdfs/Economics/020__ergodicity-economics-is-pseudoscience.pdf",
  "k_dags": 8,
  "m_node_resamples": 8,
  "max_nodes": 16,
  "exa_k": 6,
  "retrieval_mode": "llm",
  "reconcile": "prefer_parents",
  "llm": {
    "dag": {
      "provider": "openai",
      "model": "gpt-5-mini",
      "temperature": 0.0
    },
    "node": {
      "provider": "openai",
      "model": "gpt-5-nano",
      "temperature": 0.0
    }
  },
  "global": {
    "n": 64,
    "mean": 0.650839201597209,
    "std": 0.1118497700159858,
    "min": 0.501867919080131,
    "max": 0.8021333524525446
  },
  "per_dag": {
    "k000": {
      "n": 8,
      "mean": 0.7032836560856353,
      "std": 0.0032471166198904185,
      "min": 0.6990803787959369,
      "max": 0.7090228243130954
    },
    "k001": {
      "n": 8,
      "mean": 0.5113256312732899,
      "std": 0.0049616694587669334,
      "min": 0.5043059563457726,
      "max": 0.5171116886948055
    },
    "k002": {
      "n": 8,
      "mean": 0.7418150224538066,
      "std": 0.0043062519517491635,
      "min": 0.7345344025570973,
      "max": 0.7469932473198962
    },
    "k003": {
      "n": 8,
      "mean": 0.5243477360060594,
      "std": 0.00798412006944743,
      "min": 0.5104757220529226,
      "max": 0.5361771561659023
    },
    "k004": {
      "n": 8,
      "mean": 0.7441810237020161,
      "std": 0.0030380116144134595,
      "min": 0.7391087791009143,
      "max": 0.7480574603373022
    },
    "k005": {
      "n": 8,
      "mean": 0.6784336006933508,
      "std": 0.003755468041936105,
      "min": 0.6699762649675302,
      "max": 0.6818265513774387
    },
    "k006": {
      "n": 8,
      "mean": 0.7972864505188625,
      "std": 0.0032016475378009264,
      "min": 0.7927673603279318,
      "max": 0.8021333524525446
    },
    "k007": {
      "n": 8,
      "mean": 0.5060404920446513,
      "std": 0.003072158497552924,
      "min": 0.501867919080131,
      "max": 0.5100332119811568
    }
  },
  "node_concurrency": 8,
  "max_json_repairs": 1,
  "diagnostics": {
    "text_chars": 19152,
    "num_trials": 64,
    "num_success": 64,
    "failure_counts": {},
    "first_failure": {}
  }
}