{
  "paper_id": "041",
  "pdf_path": "data/pdfs/Economics/041__the-effect-of-evaluation-on-teacher-performance.pdf",
  "k_dags": 8,
  "m_node_resamples": 8,
  "max_nodes": 16,
  "exa_k": 6,
  "retrieval_mode": "llm",
  "reconcile": "prefer_parents",
  "llm": {
    "dag": {
      "provider": "openai",
      "model": "gpt-5-mini",
      "temperature": 0.0
    },
    "node": {
      "provider": "openai",
      "model": "gpt-5-nano",
      "temperature": 0.0
    }
  },
  "global": {
    "n": 56,
    "mean": 0.6921955804769457,
    "std": 0.0771004674618463,
    "min": 0.5634421623569371,
    "max": 0.7786959894324962
  },
  "per_dag": {
    "k000": {
      "n": 0,
      "mean": NaN,
      "std": NaN,
      "min": NaN,
      "max": NaN
    },
    "k001": {
      "n": 8,
      "mean": 0.7241070952723272,
      "std": 0.003901086522242049,
      "min": 0.7189166073498012,
      "max": 0.7288566650135953
    },
    "k002": {
      "n": 8,
      "mean": 0.620765658740394,
      "std": 0.0032906877057548105,
      "min": 0.6150003291851781,
      "max": 0.6259080543523805
    },
    "k003": {
      "n": 8,
      "mean": 0.7514258594891812,
      "std": 0.0029002906340240384,
      "min": 0.7471021212511731,
      "max": 0.7559441819449978
    },
    "k004": {
      "n": 8,
      "mean": 0.7669359889152083,
      "std": 0.003340008969462865,
      "min": 0.7628960632589662,
      "max": 0.7720070744145754
    },
    "k005": {
      "n": 8,
      "mean": 0.6407232008150874,
      "std": 0.004436594592070884,
      "min": 0.6347164771970082,
      "max": 0.6471398173506804
    },
    "k006": {
      "n": 8,
      "mean": 0.7756190927091712,
      "std": 0.0028181429398880706,
      "min": 0.7701347667992382,
      "max": 0.7786959894324962
    },
    "k007": {
      "n": 8,
      "mean": 0.5657921673972511,
      "std": 0.0017189162437825226,
      "min": 0.5634421623569371,
      "max": 0.5686577316387095
    }
  },
  "node_concurrency": 8,
  "max_json_repairs": 1,
  "diagnostics": {
    "text_chars": 84486,
    "num_trials": 64,
    "num_success": 56,
    "failure_counts": {
      "dag_validation_failed": 8
    },
    "first_failure": {
      "stage": "dag_validation_failed",
      "type": "dag_validation_failed",
      "message": "Self-loop edge '6 -> 6' not allowed",
      "k": 0,
      "m": 0,
      "traceback_file": ""
    }
  }
}