{
  "paper_id": "003",
  "pdf_path": "data/pdfs/Economics/003__the-time-interpretation-of-expected-utility-theory.pdf",
  "k_dags": 8,
  "m_node_resamples": 8,
  "max_nodes": 16,
  "exa_k": 6,
  "retrieval_mode": "llm",
  "reconcile": "prefer_parents",
  "llm": {
    "dag": {
      "provider": "openai",
      "model": "gpt-5-mini",
      "temperature": 0.0
    },
    "node": {
      "provider": "openai",
      "model": "gpt-5-nano",
      "temperature": 0.0
    }
  },
  "global": {
    "n": 56,
    "mean": 0.44122015192157266,
    "std": 0.18505001370632237,
    "min": 0.09437579195433286,
    "max": 0.7609804188384373
  },
  "per_dag": {
    "k000": {
      "n": 8,
      "mean": 0.33678267993850575,
      "std": 0.012005522104168474,
      "min": 0.3195090059632873,
      "max": 0.35782267571840015
    },
    "k001": {
      "n": 8,
      "mean": 0.4439121282301587,
      "std": 0.006771715667485118,
      "min": 0.43320984246637984,
      "max": 0.4529486666821665
    },
    "k002": {
      "n": 8,
      "mean": 0.7573676252530261,
      "std": 0.0029938213174781313,
      "min": 0.7544394908038711,
      "max": 0.7609804188384373
    },
    "k003": {
      "n": 0,
      "mean": NaN,
      "std": NaN,
      "min": NaN,
      "max": NaN
    },
    "k004": {
      "n": 8,
      "mean": 0.4383734590119078,
      "std": 0.0029691599624592935,
      "min": 0.43507329896321634,
      "max": 0.4450426596957449
    },
    "k005": {
      "n": 8,
      "mean": 0.5498675975938295,
      "std": 0.010420837516710902,
      "min": 0.5339209747601468,
      "max": 0.5704290987195586
    },
    "k006": {
      "n": 8,
      "mean": 0.4559594416598211,
      "std": 0.004274436658863349,
      "min": 0.4523697016299282,
      "max": 0.46500188160304046
    },
    "k007": {
      "n": 8,
      "mean": 0.10627813176375951,
      "std": 0.007700058018372083,
      "min": 0.09437579195433286,
      "max": 0.11737984047278892
    }
  },
  "node_concurrency": 8,
  "max_json_repairs": 1,
  "diagnostics": {
    "text_chars": 33535,
    "num_trials": 64,
    "num_success": 56,
    "failure_counts": {
      "dag_validation_failed": 8
    },
    "first_failure": {
      "stage": "dag_validation_failed",
      "type": "dag_validation_failed",
      "message": "Node 8: unknown role 'Example'; Node 9: unknown role 'Example'; Node 10: unknown role 'Example'",
      "k": 3,
      "m": 0,
      "traceback_file": ""
    }
  }
}