{
  "paper_id": "000",
  "pdf_path": "data/pdfs/Economics/000__co-integration-and-error-correction-representation-estimation-and-testing.pdf",
  "k_dags": 8,
  "m_node_resamples": 8,
  "max_nodes": 16,
  "exa_k": 6,
  "retrieval_mode": "llm",
  "reconcile": "prefer_parents",
  "llm": {
    "dag": {
      "provider": "openai",
      "model": "gpt-5-mini",
      "temperature": 0.0
    },
    "node": {
      "provider": "openai",
      "model": "gpt-5-nano",
      "temperature": 0.0
    }
  },
  "global": {
    "n": 64,
    "mean": 0.12400835873673435,
    "std": 0.19969209093625553,
    "min": 0.0,
    "max": 0.6088947130277922
  },
  "per_dag": {
    "k000": {
      "n": 8,
      "mean": 0.0,
      "std": 0.0,
      "min": 0.0,
      "max": 0.0
    },
    "k001": {
      "n": 8,
      "mean": 0.0,
      "std": 0.0,
      "min": 0.0,
      "max": 0.0
    },
    "k002": {
      "n": 8,
      "mean": 0.0,
      "std": 0.0,
      "min": 0.0,
      "max": 0.0
    },
    "k003": {
      "n": 8,
      "mean": 0.5994883547694719,
      "std": 0.005686690047550572,
      "min": 0.5915899927064128,
      "max": 0.6088947130277922
    },
    "k004": {
      "n": 8,
      "mean": 0.21196666360286479,
      "std": 0.008339871121700312,
      "min": 0.2013084970057925,
      "max": 0.22329014336787278
    },
    "k005": {
      "n": 8,
      "mean": 0.0,
      "std": 0.0,
      "min": 0.0,
      "max": 0.0
    },
    "k006": {
      "n": 8,
      "mean": 0.18061185152153816,
      "std": 0.005803157201793831,
      "min": 0.17087647804722422,
      "max": 0.18944510544610868
    },
    "k007": {
      "n": 8,
      "mean": 0.0,
      "std": 0.0,
      "min": 0.0,
      "max": 0.0
    }
  },
  "node_concurrency": 8,
  "max_json_repairs": 1,
  "diagnostics": {
    "text_chars": 0,
    "num_trials": 64,
    "num_success": 64,
    "failure_counts": {},
    "first_failure": {}
  }
}