{
  "paper_id": "025",
  "pdf_path": "data/pdfs/Economics/025__land-bubbles-despite-non-vanishing-rents.pdf",
  "k_dags": 8,
  "m_node_resamples": 8,
  "max_nodes": 16,
  "exa_k": 6,
  "retrieval_mode": "llm",
  "reconcile": "prefer_parents",
  "llm": {
    "dag": {
      "provider": "openai",
      "model": "gpt-5-mini",
      "temperature": 0.0
    },
    "node": {
      "provider": "openai",
      "model": "gpt-5-nano",
      "temperature": 0.0
    }
  },
  "global": {
    "n": 64,
    "mean": 0.6689063132630673,
    "std": 0.059695421517262294,
    "min": 0.5595317071774462,
    "max": 0.7661940271204243
  },
  "per_dag": {
    "k000": {
      "n": 8,
      "mean": 0.6850610679717968,
      "std": 0.0022271933812489067,
      "min": 0.6819556920586742,
      "max": 0.6876338737786509
    },
    "k001": {
      "n": 8,
      "mean": 0.5986035194213284,
      "std": 0.005877560021186922,
      "min": 0.5892552922787185,
      "max": 0.6041551391092483
    },
    "k002": {
      "n": 8,
      "mean": 0.7575417044156695,
      "std": 0.004748648152545245,
      "min": 0.7512395267011588,
      "max": 0.7661940271204243
    },
    "k003": {
      "n": 8,
      "mean": 0.662951000184479,
      "std": 0.0031476005599766262,
      "min": 0.6579027915444752,
      "max": 0.6672233858263884
    },
    "k004": {
      "n": 8,
      "mean": 0.7186297443410505,
      "std": 0.003994811443657085,
      "min": 0.7107864097301592,
      "max": 0.7251573886921379
    },
    "k005": {
      "n": 8,
      "mean": 0.5612724229573561,
      "std": 0.001501151535128277,
      "min": 0.5595317071774462,
      "max": 0.5631459971836129
    },
    "k006": {
      "n": 8,
      "mean": 0.6700081124992179,
      "std": 0.003972815540307378,
      "min": 0.6637893183750881,
      "max": 0.6752539937840326
    },
    "k007": {
      "n": 8,
      "mean": 0.6971829343136403,
      "std": 0.00437889117631085,
      "min": 0.6896494016133248,
      "max": 0.7030162918273667
    }
  },
  "node_concurrency": 8,
  "max_json_repairs": 1,
  "diagnostics": {
    "text_chars": 17607,
    "num_trials": 64,
    "num_success": 64,
    "failure_counts": {},
    "first_failure": {}
  }
}