{
  "paper_id": "036",
  "pdf_path": "data/pdfs/MLComputing/036__a-comparative-study-of-machine-learning-algorithms-for-credit-card-fraud-detecti.pdf",
  "k_dags": 8,
  "m_node_resamples": 8,
  "max_nodes": 16,
  "exa_k": 6,
  "retrieval_mode": "llm",
  "reconcile": "prefer_parents",
  "llm": {
    "dag": {
      "provider": "openai",
      "model": "gpt-5-mini",
      "temperature": 0.0
    },
    "node": {
      "provider": "openai",
      "model": "gpt-5-nano",
      "temperature": 0.0
    }
  },
  "global": {
    "n": 56,
    "mean": 0.6432084475592813,
    "std": 0.07737330973925144,
    "min": 0.5127418158639633,
    "max": 0.7610322070118236
  },
  "per_dag": {
    "k000": {
      "n": 8,
      "mean": 0.6109892296542974,
      "std": 0.004142449339127065,
      "min": 0.6048457285225773,
      "max": 0.6175853143277334
    },
    "k001": {
      "n": 8,
      "mean": 0.6893720745719509,
      "std": 0.0030438385764526726,
      "min": 0.6856845337792773,
      "max": 0.6942636406093106
    },
    "k002": {
      "n": 8,
      "mean": 0.518099676831238,
      "std": 0.003948910769703386,
      "min": 0.5127418158639633,
      "max": 0.5233692871972377
    },
    "k003": {
      "n": 8,
      "mean": 0.5636637129128119,
      "std": 0.003411859612524516,
      "min": 0.5563784840412028,
      "max": 0.5671137743209125
    },
    "k004": {
      "n": 8,
      "mean": 0.6879206658602168,
      "std": 0.023324189332203742,
      "min": 0.6572251777119358,
      "max": 0.7070759473345245
    },
    "k005": {
      "n": 8,
      "mean": 0.6787995459408718,
      "std": 0.0027522711158733176,
      "min": 0.6741128673461185,
      "max": 0.6815586662259548
    },
    "k006": {
      "n": 8,
      "mean": 0.7536142271435826,
      "std": 0.0052813745508192775,
      "min": 0.7471819014101173,
      "max": 0.7610322070118236
    },
    "k007": {
      "n": 0,
      "mean": NaN,
      "std": NaN,
      "min": NaN,
      "max": NaN
    }
  },
  "node_concurrency": 8,
  "max_json_repairs": 1,
  "diagnostics": {
    "text_chars": 31946,
    "num_trials": 64,
    "num_success": 56,
    "failure_counts": {
      "dag_validation_failed": 8
    },
    "first_failure": {
      "stage": "dag_validation_failed",
      "type": "dag_validation_failed",
      "message": "Node 13: unknown role 'Future Work'",
      "k": 7,
      "m": 0,
      "traceback_file": ""
    }
  }
}