{
  "paper_id": "004",
  "pdf_path": "data/pdfs/Economics/004__production-information-costs-and-economic-organization.pdf",
  "k_dags": 8,
  "m_node_resamples": 8,
  "max_nodes": 16,
  "exa_k": 6,
  "retrieval_mode": "llm",
  "reconcile": "prefer_parents",
  "llm": {
    "dag": {
      "provider": "openai",
      "model": "gpt-5-mini",
      "temperature": 0.0
    },
    "node": {
      "provider": "openai",
      "model": "gpt-5-nano",
      "temperature": 0.0
    }
  },
  "global": {
    "n": 64,
    "mean": 0.5558130266887694,
    "std": 0.12989711599854123,
    "min": 0.35900881606656204,
    "max": 0.7081040940830914
  },
  "per_dag": {
    "k000": {
      "n": 8,
      "mean": 0.4469232730314546,
      "std": 0.002051745436646754,
      "min": 0.4436970519015222,
      "max": 0.44868791170218153
    },
    "k001": {
      "n": 8,
      "mean": 0.37597769276689824,
      "std": 0.0028623360241250046,
      "min": 0.3723208222369575,
      "max": 0.381927540671038
    },
    "k002": {
      "n": 8,
      "mean": 0.662529579275298,
      "std": 0.0032333592310176996,
      "min": 0.6579064290674148,
      "max": 0.667510633573715
    },
    "k003": {
      "n": 8,
      "mean": 0.704631941347752,
      "std": 0.0021519187172284286,
      "min": 0.7016826648593493,
      "max": 0.7081040940830914
    },
    "k004": {
      "n": 8,
      "mean": 0.6615140291970484,
      "std": 0.0020821800313755175,
      "min": 0.6571047025414992,
      "max": 0.6638274643712863
    },
    "k005": {
      "n": 8,
      "mean": 0.5945364698530327,
      "std": 0.004751766923758101,
      "min": 0.5865791126937367,
      "max": 0.5994191541192362
    },
    "k006": {
      "n": 8,
      "mean": 0.3656345387432864,
      "std": 0.003945780353877536,
      "min": 0.35900881606656204,
      "max": 0.3706715649810755
    },
    "k007": {
      "n": 8,
      "mean": 0.6347566892953849,
      "std": 0.0034341244944600833,
      "min": 0.6304849058854963,
      "max": 0.6399946199573141
    }
  },
  "node_concurrency": 8,
  "max_json_repairs": 1,
  "diagnostics": {
    "text_chars": 79982,
    "num_trials": 64,
    "num_success": 64,
    "failure_counts": {},
    "first_failure": {}
  }
}