{
  "paper_id": "019",
  "pdf_path": "data/pdfs/MLComputing/019__mitigating-silent-data-corruptions-in-hpc-applications-across-multiple-program-i.pdf",
  "k_dags": 8,
  "m_node_resamples": 8,
  "max_nodes": 16,
  "exa_k": 6,
  "retrieval_mode": "llm",
  "reconcile": "prefer_parents",
  "llm": {
    "dag": {
      "provider": "openai",
      "model": "gpt-5-mini",
      "temperature": 0.0
    },
    "node": {
      "provider": "openai",
      "model": "gpt-5-nano",
      "temperature": 0.0
    }
  },
  "global": {
    "n": 64,
    "mean": 0.47810122995772464,
    "std": 0.24972818698572655,
    "min": 0.0,
    "max": 0.6841726907829356
  },
  "per_dag": {
    "k000": {
      "n": 8,
      "mean": 0.620421674804576,
      "std": 0.005512567174623636,
      "min": 0.612758170229831,
      "max": 0.6300236114780758
    },
    "k001": {
      "n": 8,
      "mean": 0.6318438571975113,
      "std": 0.005440081413442639,
      "min": 0.6211995867761098,
      "max": 0.638570385971549
    },
    "k002": {
      "n": 8,
      "mean": 0.0,
      "std": 0.0,
      "min": 0.0,
      "max": 0.0
    },
    "k003": {
      "n": 8,
      "mean": 0.5607922294914746,
      "std": 0.0033134363247193472,
      "min": 0.5559900756730686,
      "max": 0.5654033004664567
    },
    "k004": {
      "n": 8,
      "mean": 0.5998731436182707,
      "std": 0.004719489046956124,
      "min": 0.592118567821264,
      "max": 0.6071101380307808
    },
    "k005": {
      "n": 8,
      "mean": 0.682409419758583,
      "std": 0.0017049799829605505,
      "min": 0.6791781627871766,
      "max": 0.6841726907829356
    },
    "k006": {
      "n": 8,
      "mean": 0.6190888032828907,
      "std": 0.004071032960679647,
      "min": 0.6123246053549445,
      "max": 0.6255617626947382
    },
    "k007": {
      "n": 8,
      "mean": 0.11038071150849076,
      "std": 0.0069766223466724035,
      "min": 0.09969623309121765,
      "max": 0.11841521374839269
    }
  },
  "node_concurrency": 8,
  "max_json_repairs": 1,
  "diagnostics": {
    "text_chars": 73521,
    "num_trials": 64,
    "num_success": 64,
    "failure_counts": {},
    "first_failure": {}
  }
}