{
  "paper_id": "038",
  "pdf_path": "data/pdfs/MLComputing/038__comparison-on-feature-selection-methods-for-textclassification.pdf",
  "k_dags": 8,
  "m_node_resamples": 8,
  "max_nodes": 16,
  "exa_k": 6,
  "retrieval_mode": "llm",
  "reconcile": "prefer_parents",
  "llm": {
    "dag": {
      "provider": "openai",
      "model": "gpt-5-mini",
      "temperature": 0.0
    },
    "node": {
      "provider": "openai",
      "model": "gpt-5-nano",
      "temperature": 0.0
    }
  },
  "global": {
    "n": 64,
    "mean": 0.6197504073170893,
    "std": 0.09216031350674625,
    "min": 0.4682072967335342,
    "max": 0.7611942122700545
  },
  "per_dag": {
    "k000": {
      "n": 8,
      "mean": 0.6014166756548704,
      "std": 0.0027493479080564188,
      "min": 0.597449549525921,
      "max": 0.6056894778295934
    },
    "k001": {
      "n": 8,
      "mean": 0.4710466485579228,
      "std": 0.002719189049561694,
      "min": 0.4682072967335342,
      "max": 0.4770273357420461
    },
    "k002": {
      "n": 8,
      "mean": 0.6890957172828811,
      "std": 0.003092322551136765,
      "min": 0.6848474893893907,
      "max": 0.6935680608874137
    },
    "k003": {
      "n": 8,
      "mean": 0.6436056437574798,
      "std": 0.004031301082186846,
      "min": 0.6369586201792404,
      "max": 0.6479682375175669
    },
    "k004": {
      "n": 8,
      "mean": 0.7088087497318075,
      "std": 0.0036689106584843825,
      "min": 0.7026812587211365,
      "max": 0.7136607674322332
    },
    "k005": {
      "n": 8,
      "mean": 0.5281996470495095,
      "std": 0.004245278496120097,
      "min": 0.5191650540881257,
      "max": 0.5325134573737212
    },
    "k006": {
      "n": 8,
      "mean": 0.5585278884760445,
      "std": 0.003321405346619838,
      "min": 0.5534142512718238,
      "max": 0.562226823641557
    },
    "k007": {
      "n": 8,
      "mean": 0.757302288026199,
      "std": 0.002437900992211005,
      "min": 0.7528427782489241,
      "max": 0.7611942122700545
    }
  },
  "node_concurrency": 8,
  "max_json_repairs": 1,
  "diagnostics": {
    "text_chars": 27456,
    "num_trials": 64,
    "num_success": 64,
    "failure_counts": {},
    "first_failure": {}
  }
}