{
  "paper_id": "014",
  "pdf_path": "data/pdfs/Economics/014__hypothetical-bias-in-stated-choice-experiments-part-i-integrative-synthesis-of-e.pdf",
  "k_dags": 8,
  "m_node_resamples": 8,
  "max_nodes": 16,
  "exa_k": 6,
  "retrieval_mode": "llm",
  "reconcile": "prefer_parents",
  "llm": {
    "dag": {
      "provider": "openai",
      "model": "gpt-5-mini",
      "temperature": 0.0
    },
    "node": {
      "provider": "openai",
      "model": "gpt-5-nano",
      "temperature": 0.0
    }
  },
  "global": {
    "n": 64,
    "mean": 0.5791259962220017,
    "std": 0.19660941925892397,
    "min": 0.11222765125718172,
    "max": 0.7481576370760419
  },
  "per_dag": {
    "k000": {
      "n": 8,
      "mean": 0.586538114683872,
      "std": 0.005245733346732193,
      "min": 0.580132279102937,
      "max": 0.594765642812154
    },
    "k001": {
      "n": 8,
      "mean": 0.7443266977593752,
      "std": 0.0025763335913330946,
      "min": 0.7411645300140061,
      "max": 0.7481576370760419
    },
    "k002": {
      "n": 8,
      "mean": 0.6848862090618104,
      "std": 0.0035270459570667656,
      "min": 0.6798327420592232,
      "max": 0.6916900580955393
    },
    "k003": {
      "n": 8,
      "mean": 0.4406775330861294,
      "std": 0.005691936640238101,
      "min": 0.432002133058245,
      "max": 0.4510349834193076
    },
    "k004": {
      "n": 8,
      "mean": 0.6651315056603562,
      "std": 0.004092621114301693,
      "min": 0.6595292142518303,
      "max": 0.67360160675244
    },
    "k005": {
      "n": 8,
      "mean": 0.7139064798900495,
      "std": 0.002839008227736416,
      "min": 0.7103742202318525,
      "max": 0.7192197169769967
    },
    "k006": {
      "n": 8,
      "mean": 0.6780329218445185,
      "std": 0.002723539553879788,
      "min": 0.6735742806482795,
      "max": 0.6816693587482734
    },
    "k007": {
      "n": 8,
      "mean": 0.11950850778990221,
      "std": 0.004772666406814493,
      "min": 0.11222765125718172,
      "max": 0.12631575155900746
    }
  },
  "node_concurrency": 8,
  "max_json_repairs": 1,
  "diagnostics": {
    "text_chars": 188270,
    "num_trials": 64,
    "num_success": 64,
    "failure_counts": {},
    "first_failure": {}
  }
}