{
  "paper_id": "014",
  "pdf_path": "data/pdfs/MLComputing/014__cuszp-an-ultra-fast-gpu-error-bounded-lossy-compression-framework-with-optimized.pdf",
  "k_dags": 8,
  "m_node_resamples": 8,
  "max_nodes": 16,
  "exa_k": 6,
  "retrieval_mode": "llm",
  "reconcile": "prefer_parents",
  "llm": {
    "dag": {
      "provider": "openai",
      "model": "gpt-5-mini",
      "temperature": 0.0
    },
    "node": {
      "provider": "openai",
      "model": "gpt-5-nano",
      "temperature": 0.0
    }
  },
  "global": {
    "n": 64,
    "mean": 0.43112506430558684,
    "std": 0.3417134382273288,
    "min": 0.0,
    "max": 0.7752176643983425
  },
  "per_dag": {
    "k000": {
      "n": 8,
      "mean": 0.7463800955978902,
      "std": 0.0036180485010945305,
      "min": 0.7420805368886448,
      "max": 0.752221807472944
    },
    "k001": {
      "n": 8,
      "mean": 0.6768750753203318,
      "std": 0.0033347035880525373,
      "min": 0.6726730645112337,
      "max": 0.6815733059264674
    },
    "k002": {
      "n": 8,
      "mean": 0.0,
      "std": 0.0,
      "min": 0.0,
      "max": 0.0
    },
    "k003": {
      "n": 8,
      "mean": 0.7709579187649825,
      "std": 0.0030412871604737794,
      "min": 0.7652219759818673,
      "max": 0.7752176643983425
    },
    "k004": {
      "n": 8,
      "mean": 0.6965975227226486,
      "std": 0.0034221452187012634,
      "min": 0.6896912802266039,
      "max": 0.7005553269840171
    },
    "k005": {
      "n": 8,
      "mean": 0.0,
      "std": 0.0,
      "min": 0.0,
      "max": 0.0
    },
    "k006": {
      "n": 8,
      "mean": 0.5581899020388414,
      "std": 0.004319128952275627,
      "min": 0.5526923326407743,
      "max": 0.5653914693356913
    },
    "k007": {
      "n": 8,
      "mean": 0.0,
      "std": 0.0,
      "min": 0.0,
      "max": 0.0
    }
  },
  "node_concurrency": 8,
  "max_json_repairs": 1,
  "diagnostics": {
    "text_chars": 81964,
    "num_trials": 64,
    "num_success": 64,
    "failure_counts": {},
    "first_failure": {}
  }
}