{
  "paper_id": "046",
  "pdf_path": "data/pdfs/MLComputing/046__a-few-useful-things-to-know-about-machine-learning.pdf",
  "k_dags": 8,
  "m_node_resamples": 8,
  "max_nodes": 16,
  "exa_k": 6,
  "retrieval_mode": "llm",
  "reconcile": "prefer_parents",
  "llm": {
    "dag": {
      "provider": "openai",
      "model": "gpt-5-mini",
      "temperature": 0.0
    },
    "node": {
      "provider": "openai",
      "model": "gpt-5-nano",
      "temperature": 0.0
    }
  },
  "global": {
    "n": 64,
    "mean": 0.49247687743546303,
    "std": 0.30258066772940645,
    "min": 0.0,
    "max": 0.7828691246755901
  },
  "per_dag": {
    "k000": {
      "n": 8,
      "mean": 0.44686595440524646,
      "std": 0.00510112113355856,
      "min": 0.440359797481503,
      "max": 0.4556508293945598
    },
    "k001": {
      "n": 8,
      "mean": 0.6610946923401605,
      "std": 0.003362534876184833,
      "min": 0.6551473939482381,
      "max": 0.6658881297962314
    },
    "k002": {
      "n": 8,
      "mean": 0.773215563800443,
      "std": 0.0015554406192773962,
      "min": 0.7708838678405578,
      "max": 0.7751135023926674
    },
    "k003": {
      "n": 8,
      "mean": 0.7817882926329432,
      "std": 0.0007659980432338165,
      "min": 0.7805729888676706,
      "max": 0.7828691246755901
    },
    "k004": {
      "n": 8,
      "mean": 0.0,
      "std": 0.0,
      "min": 0.0,
      "max": 0.0
    },
    "k005": {
      "n": 8,
      "mean": 0.6498092071793145,
      "std": 0.0017480183837971222,
      "min": 0.6471493997934619,
      "max": 0.6523623485247085
    },
    "k006": {
      "n": 8,
      "mean": 0.0,
      "std": 0.0,
      "min": 0.0,
      "max": 0.0
    },
    "k007": {
      "n": 8,
      "mean": 0.6270413091255967,
      "std": 0.0016932044835401864,
      "min": 0.6245622692627907,
      "max": 0.6298138826761162
    }
  },
  "node_concurrency": 8,
  "max_json_repairs": 1,
  "diagnostics": {
    "text_chars": 51278,
    "num_trials": 64,
    "num_success": 64,
    "failure_counts": {},
    "first_failure": {}
  }
}