{
  "paper_id": "011",
  "pdf_path": "data/pdfs/MLComputing/011__a-comparison-of-lexicon-based-and-ml-based-sentiment-analysis.pdf",
  "k_dags": 8,
  "m_node_resamples": 8,
  "max_nodes": 16,
  "exa_k": 6,
  "retrieval_mode": "llm",
  "reconcile": "prefer_parents",
  "llm": {
    "dag": {
      "provider": "openai",
      "model": "gpt-5-mini",
      "temperature": 0.0
    },
    "node": {
      "provider": "openai",
      "model": "gpt-5-nano",
      "temperature": 0.0
    }
  },
  "global": {
    "n": 64,
    "mean": 0.6600798026301907,
    "std": 0.08214657558190504,
    "min": 0.5236362143350104,
    "max": 0.7563107821280677
  },
  "per_dag": {
    "k000": {
      "n": 8,
      "mean": 0.6963173179934863,
      "std": 0.005065269708895283,
      "min": 0.6902079947228754,
      "max": 0.7033570949254916
    },
    "k001": {
      "n": 8,
      "mean": 0.5991951003572477,
      "std": 0.0025780123176522497,
      "min": 0.5950120506922394,
      "max": 0.6016791761386389
    },
    "k002": {
      "n": 8,
      "mean": 0.526877417463896,
      "std": 0.0032053199463911073,
      "min": 0.5236362143350104,
      "max": 0.5339132416029636
    },
    "k003": {
      "n": 8,
      "mean": 0.7319077954978972,
      "std": 0.016345236198742702,
      "min": 0.7142641406093817,
      "max": 0.7504646289261646
    },
    "k004": {
      "n": 8,
      "mean": 0.7492280773962141,
      "std": 0.002732521871519852,
      "min": 0.7444063670053348,
      "max": 0.7523586138188665
    },
    "k005": {
      "n": 8,
      "mean": 0.6525516580512744,
      "std": 0.004584539430592257,
      "min": 0.6460907938762935,
      "max": 0.6595312574385274
    },
    "k006": {
      "n": 8,
      "mean": 0.7542045638254894,
      "std": 0.0018702288603652194,
      "min": 0.750808438253111,
      "max": 0.7563107821280677
    },
    "k007": {
      "n": 8,
      "mean": 0.5703564904560204,
      "std": 0.002594334933282752,
      "min": 0.5668171129463907,
      "max": 0.574388644858888
    }
  },
  "node_concurrency": 8,
  "max_json_repairs": 1,
  "diagnostics": {
    "text_chars": 20310,
    "num_trials": 64,
    "num_success": 64,
    "failure_counts": {},
    "first_failure": {}
  }
}