{
  "paper_id": "032",
  "pdf_path": "data/pdfs/MLComputing/032__interpretable-machine-learning-fundamental-principles-and-10-grand-challenges.pdf",
  "k_dags": 8,
  "m_node_resamples": 8,
  "max_nodes": 16,
  "exa_k": 6,
  "retrieval_mode": "llm",
  "reconcile": "prefer_parents",
  "llm": {
    "dag": {
      "provider": "openai",
      "model": "gpt-5-mini",
      "temperature": 0.0
    },
    "node": {
      "provider": "openai",
      "model": "gpt-5-nano",
      "temperature": 0.0
    }
  },
  "global": {
    "n": 64,
    "mean": 0.07808060979270741,
    "std": 0.1236620879975497,
    "min": 0.0,
    "max": 0.37993152048394285
  },
  "per_dag": {
    "k000": {
      "n": 8,
      "mean": 0.0,
      "std": 0.0,
      "min": 0.0,
      "max": 0.0
    },
    "k001": {
      "n": 8,
      "mean": 0.0,
      "std": 0.0,
      "min": 0.0,
      "max": 0.0
    },
    "k002": {
      "n": 8,
      "mean": 0.0,
      "std": 0.0,
      "min": 0.0,
      "max": 0.0
    },
    "k003": {
      "n": 8,
      "mean": 0.0,
      "std": 0.0,
      "min": 0.0,
      "max": 0.0
    },
    "k004": {
      "n": 8,
      "mean": 0.12999122540101335,
      "std": 0.005151379040397471,
      "min": 0.12476269084395906,
      "max": 0.13781335366357989
    },
    "k005": {
      "n": 8,
      "mean": 0.12511506995856367,
      "std": 0.006073105859991668,
      "min": 0.11481211293420285,
      "max": 0.1322530908959081
    },
    "k006": {
      "n": 8,
      "mean": 0.0,
      "std": 0.0,
      "min": 0.0,
      "max": 0.0
    },
    "k007": {
      "n": 8,
      "mean": 0.3695385829820823,
      "std": 0.0062201917312002825,
      "min": 0.36054037770244807,
      "max": 0.37993152048394285
    }
  },
  "node_concurrency": 8,
  "max_json_repairs": 1,
  "diagnostics": {
    "text_chars": 251266,
    "num_trials": 64,
    "num_success": 64,
    "failure_counts": {},
    "first_failure": {}
  }
}