{
  "paper_id": "023",
  "pdf_path": "data/pdfs/Economics/023__switching-economics-for-physics-and-the-carbon-price-inflation-problems-in-integ.pdf",
  "k_dags": 8,
  "m_node_resamples": 8,
  "max_nodes": 16,
  "exa_k": 6,
  "retrieval_mode": "llm",
  "reconcile": "prefer_parents",
  "llm": {
    "dag": {
      "provider": "openai",
      "model": "gpt-5-mini",
      "temperature": 0.0
    },
    "node": {
      "provider": "openai",
      "model": "gpt-5-nano",
      "temperature": 0.0
    }
  },
  "global": {
    "n": 64,
    "mean": 0.6743042759723421,
    "std": 0.06770113841423758,
    "min": 0.5507413385301527,
    "max": 0.7942013121498324
  },
  "per_dag": {
    "k000": {
      "n": 8,
      "mean": 0.6410207430602057,
      "std": 0.0017942827854070095,
      "min": 0.6377156403679756,
      "max": 0.643859845637382
    },
    "k001": {
      "n": 8,
      "mean": 0.6972183146817296,
      "std": 0.004100984216956169,
      "min": 0.6907886876459558,
      "max": 0.704808473024241
    },
    "k002": {
      "n": 8,
      "mean": 0.6359584731936927,
      "std": 0.00291958846278998,
      "min": 0.6326639866705646,
      "max": 0.6397328242081817
    },
    "k003": {
      "n": 8,
      "mean": 0.6666423752044823,
      "std": 0.004560975424843857,
      "min": 0.6576009112524451,
      "max": 0.6706809608471299
    },
    "k004": {
      "n": 8,
      "mean": 0.7912484165277679,
      "std": 0.003074901977700107,
      "min": 0.7847804007438334,
      "max": 0.7942013121498324
    },
    "k005": {
      "n": 8,
      "mean": 0.7460464082529052,
      "std": 0.0028856940941471383,
      "min": 0.7422262135924055,
      "max": 0.7491372851384962
    },
    "k006": {
      "n": 8,
      "mean": 0.6595080887802026,
      "std": 0.0032296573202995294,
      "min": 0.6528881370799956,
      "max": 0.6627223457108622
    },
    "k007": {
      "n": 8,
      "mean": 0.5567913880777505,
      "std": 0.003959683822349549,
      "min": 0.5507413385301527,
      "max": 0.5623031504371936
    }
  },
  "node_concurrency": 8,
  "max_json_repairs": 1,
  "diagnostics": {
    "text_chars": 68499,
    "num_trials": 64,
    "num_success": 64,
    "failure_counts": {},
    "first_failure": {}
  }
}