{
  "paper_id": "027",
  "pdf_path": "data/pdfs/MLComputing/027__assuring-the-machine-learning-lifecycle-desiderata-methods-and-challenges.pdf",
  "k_dags": 8,
  "m_node_resamples": 8,
  "max_nodes": 16,
  "exa_k": 6,
  "retrieval_mode": "llm",
  "reconcile": "prefer_parents",
  "llm": {
    "dag": {
      "provider": "openai",
      "model": "gpt-5-mini",
      "temperature": 0.0
    },
    "node": {
      "provider": "openai",
      "model": "gpt-5-nano",
      "temperature": 0.0
    }
  },
  "global": {
    "n": 64,
    "mean": 0.5040722038906915,
    "std": 0.1311188584352223,
    "min": 0.31248420575213764,
    "max": 0.7067642505004242
  },
  "per_dag": {
    "k000": {
      "n": 8,
      "mean": 0.4815724581587816,
      "std": 0.004442801178735013,
      "min": 0.47367698079267695,
      "max": 0.4872966352840676
    },
    "k001": {
      "n": 8,
      "mean": 0.4522662707518824,
      "std": 0.006161946818066982,
      "min": 0.4421353062894432,
      "max": 0.4626841912835074
    },
    "k002": {
      "n": 8,
      "mean": 0.6968652864199998,
      "std": 0.004245304821804618,
      "min": 0.6916596239974455,
      "max": 0.7033415934662864
    },
    "k003": {
      "n": 8,
      "mean": 0.6956912996242524,
      "std": 0.006208260333945144,
      "min": 0.6869823137738248,
      "max": 0.7067642505004242
    },
    "k004": {
      "n": 8,
      "mean": 0.3640134244734412,
      "std": 0.0051603018593425025,
      "min": 0.3563456305861476,
      "max": 0.3728037627242849
    },
    "k005": {
      "n": 8,
      "mean": 0.556844448816482,
      "std": 0.0039675008297986826,
      "min": 0.5508052462014454,
      "max": 0.563176457796547
    },
    "k006": {
      "n": 8,
      "mean": 0.31874547925207525,
      "std": 0.00319765388096527,
      "min": 0.31248420575213764,
      "max": 0.32144901877771237
    },
    "k007": {
      "n": 8,
      "mean": 0.4665789636286176,
      "std": 0.0036968279440013395,
      "min": 0.4616559974374862,
      "max": 0.4722826454012067
    }
  },
  "node_concurrency": 8,
  "max_json_repairs": 1,
  "diagnostics": {
    "text_chars": 148436,
    "num_trials": 64,
    "num_success": 64,
    "failure_counts": {},
    "first_failure": {}
  }
}