{
  "paper_id": "003",
  "pdf_path": "data/pdfs/MLComputing/003__stock-market-prediction-using-machine-learning-a-systematic-literature-review.pdf",
  "k_dags": 8,
  "m_node_resamples": 8,
  "max_nodes": 16,
  "exa_k": 6,
  "retrieval_mode": "llm",
  "reconcile": "prefer_parents",
  "llm": {
    "dag": {
      "provider": "openai",
      "model": "gpt-5-mini",
      "temperature": 0.0
    },
    "node": {
      "provider": "openai",
      "model": "gpt-5-nano",
      "temperature": 0.0
    }
  },
  "global": {
    "n": 64,
    "mean": 0.443765808813082,
    "std": 0.2086833883478422,
    "min": 0.11211990329736964,
    "max": 0.7705846146623485
  },
  "per_dag": {
    "k000": {
      "n": 8,
      "mean": 0.5111501755496131,
      "std": 0.004286441721225942,
      "min": 0.5033734932923,
      "max": 0.5179746387455243
    },
    "k001": {
      "n": 8,
      "mean": 0.453374116983324,
      "std": 0.0030183739765522375,
      "min": 0.44904635953620686,
      "max": 0.45631835596620673
    },
    "k002": {
      "n": 8,
      "mean": 0.548435872941731,
      "std": 0.0024777946319853947,
      "min": 0.543853159122584,
      "max": 0.5503479656800878
    },
    "k003": {
      "n": 8,
      "mean": 0.1243829890864325,
      "std": 0.004978181883142965,
      "min": 0.11410634388227255,
      "max": 0.1291416697113288
    },
    "k004": {
      "n": 8,
      "mean": 0.11849112261743222,
      "std": 0.003547497202593792,
      "min": 0.11211990329736964,
      "max": 0.12317086778172603
    },
    "k005": {
      "n": 8,
      "mean": 0.7674405737865808,
      "std": 0.0018859123348562161,
      "min": 0.7649360180301871,
      "max": 0.7705846146623485
    },
    "k006": {
      "n": 8,
      "mean": 0.5634418828726577,
      "std": 0.0025994290187018043,
      "min": 0.5592367624650638,
      "max": 0.567608113831713
    },
    "k007": {
      "n": 8,
      "mean": 0.4634097366668845,
      "std": 0.00211519724988515,
      "min": 0.4613530295388224,
      "max": 0.46698370525103694
    }
  },
  "node_concurrency": 8,
  "max_json_repairs": 1,
  "diagnostics": {
    "text_chars": 29827,
    "num_trials": 64,
    "num_success": 64,
    "failure_counts": {},
    "first_failure": {}
  }
}