{
  "paper_id": "043",
  "pdf_path": "data/pdfs/MLComputing/043__a-survey-on-feature-selection-methods.pdf",
  "k_dags": 8,
  "m_node_resamples": 8,
  "max_nodes": 16,
  "exa_k": 6,
  "retrieval_mode": "llm",
  "reconcile": "prefer_parents",
  "llm": {
    "dag": {
      "provider": "openai",
      "model": "gpt-5-mini",
      "temperature": 0.0
    },
    "node": {
      "provider": "openai",
      "model": "gpt-5-nano",
      "temperature": 0.0
    }
  },
  "global": {
    "n": 64,
    "mean": 0.49748391041328643,
    "std": 0.2141700033882387,
    "min": 0.0,
    "max": 0.7286363267629381
  },
  "per_dag": {
    "k000": {
      "n": 8,
      "mean": 0.4493362764869296,
      "std": 0.004240286105657466,
      "min": 0.44083086506987057,
      "max": 0.45342914254857736
    },
    "k001": {
      "n": 8,
      "mean": 0.5397442974463317,
      "std": 0.0038097106536012686,
      "min": 0.5338613285997653,
      "max": 0.5470092520272831
    },
    "k002": {
      "n": 8,
      "mean": 0.724522034254462,
      "std": 0.00302225612101826,
      "min": 0.7186746068002277,
      "max": 0.7286363267629381
    },
    "k003": {
      "n": 8,
      "mean": 0.5248075771036872,
      "std": 0.0020250188922408653,
      "min": 0.5220930410903992,
      "max": 0.527283520006743
    },
    "k004": {
      "n": 8,
      "mean": 0.0,
      "std": 0.0,
      "min": 0.0,
      "max": 0.0
    },
    "k005": {
      "n": 8,
      "mean": 0.429133924117653,
      "std": 0.0016712052369712337,
      "min": 0.4271266929185556,
      "max": 0.43156963163345385
    },
    "k006": {
      "n": 8,
      "mean": 0.6895979037018212,
      "std": 0.004448465913663625,
      "min": 0.6848294868787352,
      "max": 0.699804355934025
    },
    "k007": {
      "n": 8,
      "mean": 0.6227292701954069,
      "std": 0.002077546612537799,
      "min": 0.6201752409548291,
      "max": 0.6252059946449116
    }
  },
  "node_concurrency": 8,
  "max_json_repairs": 1,
  "diagnostics": {
    "text_chars": 59009,
    "num_trials": 64,
    "num_success": 64,
    "failure_counts": {},
    "first_failure": {}
  }
}