{
  "paper_id": "022",
  "pdf_path": "data/pdfs/Economics/022__commentary-on-addressing-the-malaise-in-neoclassical-economics-a-call-for-partia.pdf",
  "k_dags": 8,
  "m_node_resamples": 8,
  "max_nodes": 16,
  "exa_k": 6,
  "retrieval_mode": "llm",
  "reconcile": "prefer_parents",
  "llm": {
    "dag": {
      "provider": "openai",
      "model": "gpt-5-mini",
      "temperature": 0.0
    },
    "node": {
      "provider": "openai",
      "model": "gpt-5-nano",
      "temperature": 0.0
    }
  },
  "global": {
    "n": 48,
    "mean": 0.48138801116955793,
    "std": 0.22340862960204047,
    "min": 0.09677627613542478,
    "max": 0.7378424557981165
  },
  "per_dag": {
    "k000": {
      "n": 8,
      "mean": 0.7320128706087191,
      "std": 0.0036721360840960087,
      "min": 0.726663020406152,
      "max": 0.7373878460795525
    },
    "k001": {
      "n": 8,
      "mean": 0.34682457018885704,
      "std": 0.003592088487292337,
      "min": 0.3428957457086784,
      "max": 0.3532689591107067
    },
    "k002": {
      "n": 0,
      "mean": NaN,
      "std": NaN,
      "min": NaN,
      "max": NaN
    },
    "k003": {
      "n": 8,
      "mean": 0.5475665175971003,
      "std": 0.003576291278877073,
      "min": 0.5426936914211807,
      "max": 0.5531451667528333
    },
    "k004": {
      "n": 8,
      "mean": 0.10393309123005552,
      "std": 0.004677778211393911,
      "min": 0.09677627613542478,
      "max": 0.11020282210077195
    },
    "k005": {
      "n": 8,
      "mean": 0.42682472254551995,
      "std": 0.003912619020951889,
      "min": 0.42136529847564796,
      "max": 0.433213306744409
    },
    "k006": {
      "n": 8,
      "mean": 0.7311662948470957,
      "std": 0.005286247428106733,
      "min": 0.72377423126162,
      "max": 0.7378424557981165
    },
    "k007": {
      "n": 0,
      "mean": NaN,
      "std": NaN,
      "min": NaN,
      "max": NaN
    }
  },
  "node_concurrency": 8,
  "max_json_repairs": 1,
  "diagnostics": {
    "text_chars": 13257,
    "num_trials": 64,
    "num_success": 48,
    "failure_counts": {
      "dag_validation_failed": 16
    },
    "first_failure": {
      "stage": "dag_validation_failed",
      "type": "dag_validation_failed",
      "message": "Node 15: unknown role 'Recommendation'",
      "k": 2,
      "m": 0,
      "traceback_file": ""
    }
  }
}