{
  "paper_id": "048",
  "pdf_path": "data/pdfs/MLComputing/048__attention-is-all-you-need.pdf",
  "k_dags": 8,
  "m_node_resamples": 8,
  "max_nodes": 16,
  "exa_k": 6,
  "retrieval_mode": "llm",
  "reconcile": "prefer_parents",
  "llm": {
    "dag": {
      "provider": "openai",
      "model": "gpt-5-mini",
      "temperature": 0.0
    },
    "node": {
      "provider": "openai",
      "model": "gpt-5-nano",
      "temperature": 0.0
    }
  },
  "global": {
    "n": 64,
    "mean": 0.4941403971535591,
    "std": 0.25480017627232177,
    "min": 0.0,
    "max": 0.691103828955895
  },
  "per_dag": {
    "k000": {
      "n": 8,
      "mean": 0.13398394145933046,
      "std": 0.004682780358327328,
      "min": 0.1269680825443471,
      "max": 0.1394173323308057
    },
    "k001": {
      "n": 8,
      "mean": 0.5760150231104741,
      "std": 0.003178178366499402,
      "min": 0.5709506726591019,
      "max": 0.5798662324223739
    },
    "k002": {
      "n": 8,
      "mean": 0.0,
      "std": 0.0,
      "min": 0.0,
      "max": 0.0
    },
    "k003": {
      "n": 8,
      "mean": 0.6767873804587103,
      "std": 0.0034582962069589704,
      "min": 0.6717538284317279,
      "max": 0.6831915692730552
    },
    "k004": {
      "n": 8,
      "mean": 0.6855571906988187,
      "std": 0.0033228073617591154,
      "min": 0.6806072770775907,
      "max": 0.691103828955895
    },
    "k005": {
      "n": 8,
      "mean": 0.6812939692011037,
      "std": 0.004266953865632715,
      "min": 0.6743309009609104,
      "max": 0.6866089165380651
    },
    "k006": {
      "n": 8,
      "mean": 0.559627899623826,
      "std": 0.003973645931294876,
      "min": 0.5535020040511734,
      "max": 0.566091802606774
    },
    "k007": {
      "n": 8,
      "mean": 0.6398577726762098,
      "std": 0.007705614669688024,
      "min": 0.6273682795641178,
      "max": 0.6510864503329095
    }
  },
  "node_concurrency": 8,
  "max_json_repairs": 1,
  "diagnostics": {
    "text_chars": 32896,
    "num_trials": 64,
    "num_success": 64,
    "failure_counts": {},
    "first_failure": {}
  }
}