{
  "paper_id": "012",
  "pdf_path": "data/pdfs/Economics/012__expected-growth-criterion-an-axiomatization.pdf",
  "k_dags": 8,
  "m_node_resamples": 8,
  "max_nodes": 16,
  "exa_k": 6,
  "retrieval_mode": "llm",
  "reconcile": "prefer_parents",
  "llm": {
    "dag": {
      "provider": "openai",
      "model": "gpt-5-mini",
      "temperature": 0.0
    },
    "node": {
      "provider": "openai",
      "model": "gpt-5-nano",
      "temperature": 0.0
    }
  },
  "global": {
    "n": 64,
    "mean": 0.610409377989,
    "std": 0.1030813315074744,
    "min": 0.40885000647485653,
    "max": 0.7624210851930368
  },
  "per_dag": {
    "k000": {
      "n": 8,
      "mean": 0.6107756822546092,
      "std": 0.006152651271351341,
      "min": 0.598575107269453,
      "max": 0.6186049022587322
    },
    "k001": {
      "n": 8,
      "mean": 0.41296653629413793,
      "std": 0.003134083832745567,
      "min": 0.40885000647485653,
      "max": 0.417237819124373
    },
    "k002": {
      "n": 8,
      "mean": 0.7342581981531788,
      "std": 0.024632681393751157,
      "min": 0.7091983010543335,
      "max": 0.7624210851930368
    },
    "k003": {
      "n": 8,
      "mean": 0.719455905507066,
      "std": 0.004505998007818116,
      "min": 0.711113315820555,
      "max": 0.7248035714643127
    },
    "k004": {
      "n": 8,
      "mean": 0.5786699695413908,
      "std": 0.006307125203964389,
      "min": 0.5668491867145009,
      "max": 0.5852970860190564
    },
    "k005": {
      "n": 8,
      "mean": 0.6011377730636512,
      "std": 0.003242167924159219,
      "min": 0.5991714442069183,
      "max": 0.6081845729083255
    },
    "k006": {
      "n": 8,
      "mean": 0.7015531053196263,
      "std": 0.006099175551492816,
      "min": 0.6914601085621982,
      "max": 0.7088501096300611
    },
    "k007": {
      "n": 8,
      "mean": 0.5244578537783399,
      "std": 0.0032467588935382354,
      "min": 0.5194186570837352,
      "max": 0.5289119124249857
    }
  },
  "node_concurrency": 8,
  "max_json_repairs": 1,
  "diagnostics": {
    "text_chars": 44393,
    "num_trials": 64,
    "num_success": 64,
    "failure_counts": {},
    "first_failure": {}
  }
}