{
  "paper_id": "037",
  "pdf_path": "data/pdfs/Economics/037__the-china-shock-learning-from-labor-market-adjustment-to-large-changes-in-trade.pdf",
  "k_dags": 8,
  "m_node_resamples": 8,
  "max_nodes": 16,
  "exa_k": 6,
  "retrieval_mode": "llm",
  "reconcile": "prefer_parents",
  "llm": {
    "dag": {
      "provider": "openai",
      "model": "gpt-5-mini",
      "temperature": 0.0
    },
    "node": {
      "provider": "openai",
      "model": "gpt-5-nano",
      "temperature": 0.0
    }
  },
  "global": {
    "n": 64,
    "mean": 0.6611858751694616,
    "std": 0.20649756567387123,
    "min": 0.12018528165281339,
    "max": 0.8070324967223383
  },
  "per_dag": {
    "k000": {
      "n": 8,
      "mean": 0.1268440515793567,
      "std": 0.004899673931334389,
      "min": 0.12018528165281339,
      "max": 0.13481465368448511
    },
    "k001": {
      "n": 8,
      "mean": 0.7490623489377286,
      "std": 0.00470150451322596,
      "min": 0.7420796081911254,
      "max": 0.7578616480921129
    },
    "k002": {
      "n": 8,
      "mean": 0.7829594990452033,
      "std": 0.016706073653641098,
      "min": 0.7669585386695913,
      "max": 0.8070324967223383
    },
    "k003": {
      "n": 8,
      "mean": 0.7451415652769353,
      "std": 0.0036635347220062607,
      "min": 0.7386940181855937,
      "max": 0.7501362770246511
    },
    "k004": {
      "n": 8,
      "mean": 0.7583307541424253,
      "std": 0.004149141928086513,
      "min": 0.7540735998784293,
      "max": 0.7645629675070779
    },
    "k005": {
      "n": 8,
      "mean": 0.7389297644420507,
      "std": 0.0033961332451002517,
      "min": 0.7346303064652576,
      "max": 0.7447718914898309
    },
    "k006": {
      "n": 8,
      "mean": 0.6574489756241917,
      "std": 0.004124121077551237,
      "min": 0.6493879818786741,
      "max": 0.6612918551165922
    },
    "k007": {
      "n": 8,
      "mean": 0.7307700423078014,
      "std": 0.0025010812684711785,
      "min": 0.7277022279031545,
      "max": 0.7353187152387286
    }
  },
  "node_concurrency": 8,
  "max_json_repairs": 1,
  "diagnostics": {
    "text_chars": 131351,
    "num_trials": 64,
    "num_success": 64,
    "failure_counts": {},
    "first_failure": {}
  }
}