{
  "paper_id": "021",
  "pdf_path": "data/pdfs/Economics/021__what-are-we-weighting-for-a-mechanistic-model-for-probability-weighting.pdf",
  "k_dags": 8,
  "m_node_resamples": 8,
  "max_nodes": 16,
  "exa_k": 6,
  "retrieval_mode": "llm",
  "reconcile": "prefer_parents",
  "llm": {
    "dag": {
      "provider": "openai",
      "model": "gpt-5-mini",
      "temperature": 0.0
    },
    "node": {
      "provider": "openai",
      "model": "gpt-5-nano",
      "temperature": 0.0
    }
  },
  "global": {
    "n": 64,
    "mean": 0.6470296958934904,
    "std": 0.07070271947695965,
    "min": 0.4730054269683821,
    "max": 0.7161171342023825
  },
  "per_dag": {
    "k000": {
      "n": 8,
      "mean": 0.6708062245517332,
      "std": 0.0052446167396766104,
      "min": 0.6590166040999131,
      "max": 0.6766911360417805
    },
    "k001": {
      "n": 8,
      "mean": 0.5975104099962208,
      "std": 0.0046888845882053914,
      "min": 0.5917367932060273,
      "max": 0.6050989071986003
    },
    "k002": {
      "n": 8,
      "mean": 0.6892842369012093,
      "std": 0.004239545434271099,
      "min": 0.6817110215886939,
      "max": 0.6953341116449907
    },
    "k003": {
      "n": 8,
      "mean": 0.48280017936457675,
      "std": 0.005123330768907594,
      "min": 0.4730054269683821,
      "max": 0.4897080600658932
    },
    "k004": {
      "n": 8,
      "mean": 0.6952107188959817,
      "std": 0.005073459109028882,
      "min": 0.6892870099044984,
      "max": 0.7019573939288499
    },
    "k005": {
      "n": 8,
      "mean": 0.709857429145689,
      "std": 0.005677009703289481,
      "min": 0.7002322585138621,
      "max": 0.7161171342023825
    },
    "k006": {
      "n": 8,
      "mean": 0.6809247010247974,
      "std": 0.004190830210784183,
      "min": 0.6760092992814616,
      "max": 0.6865401956281432
    },
    "k007": {
      "n": 8,
      "mean": 0.6498436672677149,
      "std": 0.004568103011304841,
      "min": 0.6417460996842906,
      "max": 0.6539791051240719
    }
  },
  "node_concurrency": 8,
  "max_json_repairs": 1,
  "diagnostics": {
    "text_chars": 42020,
    "num_trials": 64,
    "num_success": 64,
    "failure_counts": {},
    "first_failure": {}
  }
}