{
  "paper_id": "031",
  "pdf_path": "data/pdfs/MLComputing/031__toward-transparent-ai-a-survey-on-interpreting-the-inner-structures-of-deep-neur.pdf",
  "k_dags": 8,
  "m_node_resamples": 8,
  "max_nodes": 16,
  "exa_k": 6,
  "retrieval_mode": "llm",
  "reconcile": "prefer_parents",
  "llm": {
    "dag": {
      "provider": "openai",
      "model": "gpt-5-mini",
      "temperature": 0.0
    },
    "node": {
      "provider": "openai",
      "model": "gpt-5-nano",
      "temperature": 0.0
    }
  },
  "global": {
    "n": 64,
    "mean": 0.33937326927814004,
    "std": 0.19895602622558514,
    "min": 0.11107127791956947,
    "max": 0.6929996356182297
  },
  "per_dag": {
    "k000": {
      "n": 8,
      "mean": 0.12352140911174325,
      "std": 0.0056557997400042805,
      "min": 0.11333873469401491,
      "max": 0.12987759310597677
    },
    "k001": {
      "n": 8,
      "mean": 0.5947294846314046,
      "std": 0.0037909098570727716,
      "min": 0.5878359773503891,
      "max": 0.5999520150166396
    },
    "k002": {
      "n": 8,
      "mean": 0.2761853490336038,
      "std": 0.0031327430540967088,
      "min": 0.2725080136108205,
      "max": 0.2813178079572362
    },
    "k003": {
      "n": 8,
      "mean": 0.11583559679165169,
      "std": 0.0038311847646027904,
      "min": 0.11107127791956947,
      "max": 0.1205886391693621
    },
    "k004": {
      "n": 8,
      "mean": 0.34157789538393624,
      "std": 0.0020531371066058934,
      "min": 0.33912855692620364,
      "max": 0.3447903485501565
    },
    "k005": {
      "n": 8,
      "mean": 0.19050307664592983,
      "std": 0.003375499853451328,
      "min": 0.18564408220651774,
      "max": 0.19596677309602922
    },
    "k006": {
      "n": 8,
      "mean": 0.3844620015217803,
      "std": 0.0033963352805034537,
      "min": 0.3800507187691189,
      "max": 0.3890163646150763
    },
    "k007": {
      "n": 8,
      "mean": 0.6881713411050708,
      "std": 0.0039147234011235035,
      "min": 0.6826012725574637,
      "max": 0.6929996356182297
    }
  },
  "node_concurrency": 8,
  "max_json_repairs": 1,
  "diagnostics": {
    "text_chars": 127624,
    "num_trials": 64,
    "num_success": 64,
    "failure_counts": {},
    "first_failure": {}
  }
}