{
  "paper_id": "017",
  "pdf_path": "data/pdfs/Economics/017__state-level-policy-uncertainty-and-economic-performance.pdf",
  "k_dags": 8,
  "m_node_resamples": 8,
  "max_nodes": 16,
  "exa_k": 6,
  "retrieval_mode": "llm",
  "reconcile": "prefer_parents",
  "llm": {
    "dag": {
      "provider": "openai",
      "model": "gpt-5-mini",
      "temperature": 0.0
    },
    "node": {
      "provider": "openai",
      "model": "gpt-5-nano",
      "temperature": 0.0
    }
  },
  "global": {
    "n": 64,
    "mean": 0.6694170325700347,
    "std": 0.1358051740509246,
    "min": 0.33210751419280127,
    "max": 0.798761363564926
  },
  "per_dag": {
    "k000": {
      "n": 8,
      "mean": 0.7950878526856594,
      "std": 0.0035285663893936513,
      "min": 0.7877353776953133,
      "max": 0.798761363564926
    },
    "k001": {
      "n": 8,
      "mean": 0.6528131040024496,
      "std": 0.0026695600077540327,
      "min": 0.6489498994306425,
      "max": 0.6569920451314472
    },
    "k002": {
      "n": 8,
      "mean": 0.7221733451771469,
      "std": 0.0024284259828152755,
      "min": 0.7179138677292348,
      "max": 0.7247391242597542
    },
    "k003": {
      "n": 8,
      "mean": 0.6476543496163042,
      "std": 0.002914809920383776,
      "min": 0.6410886443293234,
      "max": 0.6498614884626165
    },
    "k004": {
      "n": 8,
      "mean": 0.6877459915318285,
      "std": 0.002715544652930722,
      "min": 0.6838514622577703,
      "max": 0.6911660273282182
    },
    "k005": {
      "n": 8,
      "mean": 0.767396718778959,
      "std": 0.003593732720418214,
      "min": 0.7610932365922655,
      "max": 0.7739741404834375
    },
    "k006": {
      "n": 8,
      "mean": 0.3374550201807841,
      "std": 0.00339388301065867,
      "min": 0.33210751419280127,
      "max": 0.3415595118375027
    },
    "k007": {
      "n": 8,
      "mean": 0.7450098785871455,
      "std": 0.002769574036292871,
      "min": 0.7426322157247501,
      "max": 0.7502841363947135
    }
  },
  "node_concurrency": 8,
  "max_json_repairs": 1,
  "diagnostics": {
    "text_chars": 109872,
    "num_trials": 64,
    "num_success": 64,
    "failure_counts": {},
    "first_failure": {}
  }
}