{
  "paper_id": "045",
  "pdf_path": "data/pdfs/Economics/045__monetary-economics-from-econophysics-perspective.pdf",
  "k_dags": 8,
  "m_node_resamples": 8,
  "max_nodes": 16,
  "exa_k": 6,
  "retrieval_mode": "llm",
  "reconcile": "prefer_parents",
  "llm": {
    "dag": {
      "provider": "openai",
      "model": "gpt-5-mini",
      "temperature": 0.0
    },
    "node": {
      "provider": "openai",
      "model": "gpt-5-nano",
      "temperature": 0.0
    }
  },
  "global": {
    "n": 64,
    "mean": 0.6346139503951731,
    "std": 0.14576760752893014,
    "min": 0.31775111171815656,
    "max": 0.7648899318206274
  },
  "per_dag": {
    "k000": {
      "n": 8,
      "mean": 0.5049824809034648,
      "std": 0.003537871010936001,
      "min": 0.49850649638302846,
      "max": 0.5090819975942187
    },
    "k001": {
      "n": 8,
      "mean": 0.5812531645034688,
      "std": 0.005048943461152599,
      "min": 0.5739266605757148,
      "max": 0.5900602635207293
    },
    "k002": {
      "n": 8,
      "mean": 0.722852090259828,
      "std": 0.006679157332457639,
      "min": 0.7096556635385766,
      "max": 0.7310707555388457
    },
    "k003": {
      "n": 8,
      "mean": 0.7375324813581701,
      "std": 0.0027302359047206657,
      "min": 0.7327746958593945,
      "max": 0.7415630025838869
    },
    "k004": {
      "n": 8,
      "mean": 0.32450027036020085,
      "std": 0.004919824483307296,
      "min": 0.31775111171815656,
      "max": 0.33187190802213856
    },
    "k005": {
      "n": 8,
      "mean": 0.7606735436460103,
      "std": 0.00287236299425458,
      "min": 0.757817838697302,
      "max": 0.7648899318206274
    },
    "k006": {
      "n": 8,
      "mean": 0.694323594480676,
      "std": 0.008146598315202116,
      "min": 0.6844461002256791,
      "max": 0.7088345391633876
    },
    "k007": {
      "n": 8,
      "mean": 0.7507939776495665,
      "std": 0.003349077493408743,
      "min": 0.74484980140728,
      "max": 0.7557865546804202
    }
  },
  "node_concurrency": 8,
  "max_json_repairs": 1,
  "diagnostics": {
    "text_chars": 85281,
    "num_trials": 64,
    "num_success": 64,
    "failure_counts": {},
    "first_failure": {}
  }
}