{
  "paper_id": "020",
  "pdf_path": "data/pdfs/MLComputing/020__deploying-lightweight-input-aware-selective-instruction-duplication-in-hpc-appli.pdf",
  "k_dags": 8,
  "m_node_resamples": 8,
  "max_nodes": 16,
  "exa_k": 6,
  "retrieval_mode": "llm",
  "reconcile": "prefer_parents",
  "llm": {
    "dag": {
      "provider": "openai",
      "model": "gpt-5-mini",
      "temperature": 0.0
    },
    "node": {
      "provider": "openai",
      "model": "gpt-5-nano",
      "temperature": 0.0
    }
  },
  "global": {
    "n": 64,
    "mean": 0.35026655880983254,
    "std": 0.27936878934367937,
    "min": 0.0,
    "max": 0.6528604327873212
  },
  "per_dag": {
    "k000": {
      "n": 8,
      "mean": 0.0,
      "std": 0.0,
      "min": 0.0,
      "max": 0.0
    },
    "k001": {
      "n": 8,
      "mean": 0.5642572699764413,
      "std": 0.009649909317947927,
      "min": 0.5406147196840918,
      "max": 0.5698042487402293
    },
    "k002": {
      "n": 8,
      "mean": 0.4994294569299143,
      "std": 0.005002618974787659,
      "min": 0.49195237447842355,
      "max": 0.5063504578520195
    },
    "k003": {
      "n": 8,
      "mean": 0.0,
      "std": 0.0,
      "min": 0.0,
      "max": 0.0
    },
    "k004": {
      "n": 8,
      "mean": 0.4624275245459144,
      "std": 0.005293606784003665,
      "min": 0.4536664106101895,
      "max": 0.4698877632928355
    },
    "k005": {
      "n": 8,
      "mean": 0.6285398139269782,
      "std": 0.005529543486959317,
      "min": 0.6168440181834514,
      "max": 0.6350102492803371
    },
    "k006": {
      "n": 8,
      "mean": 0.6474784050994119,
      "std": 0.003748836768302436,
      "min": 0.6431676874939602,
      "max": 0.6528604327873212
    },
    "k007": {
      "n": 8,
      "mean": 0.0,
      "std": 0.0,
      "min": 0.0,
      "max": 0.0
    }
  },
  "node_concurrency": 8,
  "max_json_repairs": 1,
  "diagnostics": {
    "text_chars": 82370,
    "num_trials": 64,
    "num_success": 64,
    "failure_counts": {},
    "first_failure": {}
  }
}