{
  "paper_id": "010",
  "pdf_path": "data/pdfs/MLComputing/010__sentiment-analysis-using-lexicon-based-approaches.pdf",
  "k_dags": 8,
  "m_node_resamples": 8,
  "max_nodes": 16,
  "exa_k": 6,
  "retrieval_mode": "llm",
  "reconcile": "prefer_parents",
  "llm": {
    "dag": {
      "provider": "openai",
      "model": "gpt-5-mini",
      "temperature": 0.0
    },
    "node": {
      "provider": "openai",
      "model": "gpt-5-nano",
      "temperature": 0.0
    }
  },
  "global": {
    "n": 64,
    "mean": 0.6446872639192774,
    "std": 0.25055213880620764,
    "min": 0.0,
    "max": 0.8011779515204158
  },
  "per_dag": {
    "k000": {
      "n": 8,
      "mean": 0.727163953427806,
      "std": 0.003337292947271499,
      "min": 0.7215040855435324,
      "max": 0.7310900957987712
    },
    "k001": {
      "n": 8,
      "mean": 0.7364641803949205,
      "std": 0.0037229585140265836,
      "min": 0.7312490043532777,
      "max": 0.7425523806070239
    },
    "k002": {
      "n": 8,
      "mean": 0.0,
      "std": 0.0,
      "min": 0.0,
      "max": 0.0
    },
    "k003": {
      "n": 8,
      "mean": 0.696646665953842,
      "std": 0.0031540783520747576,
      "min": 0.6907826278505477,
      "max": 0.7000972210256179
    },
    "k004": {
      "n": 8,
      "mean": 0.7930925849323835,
      "std": 0.004840147813735949,
      "min": 0.7848367052196018,
      "max": 0.7986464425188012
    },
    "k005": {
      "n": 8,
      "mean": 0.7964075736687808,
      "std": 0.0060002689025676886,
      "min": 0.7825792901555613,
      "max": 0.8011779515204158
    },
    "k006": {
      "n": 8,
      "mean": 0.769697393272242,
      "std": 0.0032348987927051766,
      "min": 0.76586675513209,
      "max": 0.7767292875982561
    },
    "k007": {
      "n": 8,
      "mean": 0.6380257597042452,
      "std": 0.0034238218159353146,
      "min": 0.6331143957126781,
      "max": 0.6423264508758925
    }
  },
  "node_concurrency": 8,
  "max_json_repairs": 1,
  "diagnostics": {
    "text_chars": 136631,
    "num_trials": 64,
    "num_success": 64,
    "failure_counts": {},
    "first_failure": {}
  }
}