{
  "paper_id": "008",
  "pdf_path": "data/pdfs/MLComputing/008__iot-based-home-automation-system.pdf",
  "k_dags": 8,
  "m_node_resamples": 8,
  "max_nodes": 16,
  "exa_k": 6,
  "retrieval_mode": "llm",
  "reconcile": "prefer_parents",
  "llm": {
    "dag": {
      "provider": "openai",
      "model": "gpt-5-mini",
      "temperature": 0.0
    },
    "node": {
      "provider": "openai",
      "model": "gpt-5-nano",
      "temperature": 0.0
    }
  },
  "global": {
    "n": 64,
    "mean": 0.4692433574085268,
    "std": 0.28440552362012594,
    "min": 0.0,
    "max": 0.7639675046520882
  },
  "per_dag": {
    "k000": {
      "n": 8,
      "mean": 0.6268856425165462,
      "std": 0.004493247122055877,
      "min": 0.6227950032413202,
      "max": 0.6363672700542357
    },
    "k001": {
      "n": 8,
      "mean": 0.7075374990097918,
      "std": 0.004682116725613537,
      "min": 0.6979116409163577,
      "max": 0.7117318691020532
    },
    "k002": {
      "n": 8,
      "mean": 0.56487756738074,
      "std": 0.0039239639805214565,
      "min": 0.5594957768192829,
      "max": 0.5715843402691567
    },
    "k003": {
      "n": 8,
      "mean": 0.0,
      "std": 0.0,
      "min": 0.0,
      "max": 0.0
    },
    "k004": {
      "n": 8,
      "mean": 0.7596232205451515,
      "std": 0.0034994587948702954,
      "min": 0.7540141559863216,
      "max": 0.7639675046520882
    },
    "k005": {
      "n": 8,
      "mean": 0.6152133941731501,
      "std": 0.0015529316478954853,
      "min": 0.6127865814978187,
      "max": 0.6170925964976542
    },
    "k006": {
      "n": 8,
      "mean": 0.0,
      "std": 0.0,
      "min": 0.0,
      "max": 0.0
    },
    "k007": {
      "n": 8,
      "mean": 0.4798095356428349,
      "std": 0.004653544817780003,
      "min": 0.4725375502609488,
      "max": 0.48759734485982936
    }
  },
  "node_concurrency": 8,
  "max_json_repairs": 1,
  "diagnostics": {
    "text_chars": 10483,
    "num_trials": 64,
    "num_success": 64,
    "failure_counts": {},
    "first_failure": {}
  }
}