{
  "paper_id": "004",
  "pdf_path": "data/pdfs/MLComputing/004__handwritten-digit-recognition-using-support-vector-machine.pdf",
  "k_dags": 8,
  "m_node_resamples": 8,
  "max_nodes": 16,
  "exa_k": 6,
  "retrieval_mode": "llm",
  "reconcile": "prefer_parents",
  "llm": {
    "dag": {
      "provider": "openai",
      "model": "gpt-5-mini",
      "temperature": 0.0
    },
    "node": {
      "provider": "openai",
      "model": "gpt-5-nano",
      "temperature": 0.0
    }
  },
  "global": {
    "n": 64,
    "mean": 0.5905322701743951,
    "std": 0.10239426401992269,
    "min": 0.360931457997722,
    "max": 0.6871528780017206
  },
  "per_dag": {
    "k000": {
      "n": 8,
      "mean": 0.3695757524559578,
      "std": 0.004485983515336275,
      "min": 0.360931457997722,
      "max": 0.3766575881277591
    },
    "k001": {
      "n": 8,
      "mean": 0.5043577704618928,
      "std": 0.0037764253596975,
      "min": 0.49651178007007724,
      "max": 0.5095842934054052
    },
    "k002": {
      "n": 8,
      "mean": 0.681160448997923,
      "std": 0.0034537153832908916,
      "min": 0.6767624356445512,
      "max": 0.6868400382607442
    },
    "k003": {
      "n": 8,
      "mean": 0.6332087037800765,
      "std": 0.003912655710643329,
      "min": 0.6283802591966102,
      "max": 0.6399595612331912
    },
    "k004": {
      "n": 8,
      "mean": 0.6171609957877063,
      "std": 0.004832943469294909,
      "min": 0.6093588984057802,
      "max": 0.6244559794049737
    },
    "k005": {
      "n": 8,
      "mean": 0.6726278623999252,
      "std": 0.0034635780206924566,
      "min": 0.6673775255126719,
      "max": 0.6771559085434317
    },
    "k006": {
      "n": 8,
      "mean": 0.5656262050066323,
      "std": 0.0021805135115825387,
      "min": 0.5629308839076601,
      "max": 0.5697857954798581
    },
    "k007": {
      "n": 8,
      "mean": 0.6805404225050474,
      "std": 0.005233741386209312,
      "min": 0.6732875405322936,
      "max": 0.6871528780017206
    }
  },
  "node_concurrency": 8,
  "max_json_repairs": 1,
  "diagnostics": {
    "text_chars": 22664,
    "num_trials": 64,
    "num_success": 64,
    "failure_counts": {},
    "first_failure": {}
  }
}