{
  "paper_id": "002",
  "pdf_path": "data/pdfs/MLComputing/002__face-recognition-using-principal-component-analysis-method.pdf",
  "k_dags": 8,
  "m_node_resamples": 8,
  "max_nodes": 16,
  "exa_k": 6,
  "retrieval_mode": "llm",
  "reconcile": "prefer_parents",
  "llm": {
    "dag": {
      "provider": "openai",
      "model": "gpt-5-mini",
      "temperature": 0.0
    },
    "node": {
      "provider": "openai",
      "model": "gpt-5-nano",
      "temperature": 0.0
    }
  },
  "global": {
    "n": 64,
    "mean": 0.5695212281380235,
    "std": 0.08359592422158338,
    "min": 0.41943881299239977,
    "max": 0.6867967857114661
  },
  "per_dag": {
    "k000": {
      "n": 8,
      "mean": 0.42507687142374084,
      "std": 0.004854364754049424,
      "min": 0.41943881299239977,
      "max": 0.4346984020066899
    },
    "k001": {
      "n": 8,
      "mean": 0.6139073294803337,
      "std": 0.0033561198247653063,
      "min": 0.6090225403462303,
      "max": 0.6179122403034484
    },
    "k002": {
      "n": 8,
      "mean": 0.5463314280397729,
      "std": 0.004135108657975175,
      "min": 0.5392352308700338,
      "max": 0.5508317836003478
    },
    "k003": {
      "n": 8,
      "mean": 0.562475626498496,
      "std": 0.005591789948704742,
      "min": 0.5532757359346875,
      "max": 0.5694254333743843
    },
    "k004": {
      "n": 8,
      "mean": 0.681509727679388,
      "std": 0.004984587657748764,
      "min": 0.674067150072432,
      "max": 0.6867967857114661
    },
    "k005": {
      "n": 8,
      "mean": 0.6288545581919655,
      "std": 0.006935432987318782,
      "min": 0.6218535504879898,
      "max": 0.6415069571946447
    },
    "k006": {
      "n": 8,
      "mean": 0.6342876423884958,
      "std": 0.005092221481639261,
      "min": 0.6268510899023251,
      "max": 0.6399679465677747
    },
    "k007": {
      "n": 8,
      "mean": 0.46372664140199554,
      "std": 0.001731505774777179,
      "min": 0.4606878959992522,
      "max": 0.4656681808363644
    }
  },
  "node_concurrency": 8,
  "max_json_repairs": 1,
  "diagnostics": {
    "text_chars": 15678,
    "num_trials": 64,
    "num_success": 64,
    "failure_counts": {},
    "first_failure": {}
  }
}