{
  "paper_id": "015",
  "pdf_path": "data/pdfs/MLComputing/015__cuszp2-a-gpu-lossy-compressor-with-extreme-throughput-and-optimized-compression-.pdf",
  "k_dags": 8,
  "m_node_resamples": 8,
  "max_nodes": 16,
  "exa_k": 6,
  "retrieval_mode": "llm",
  "reconcile": "prefer_parents",
  "llm": {
    "dag": {
      "provider": "openai",
      "model": "gpt-5-mini",
      "temperature": 0.0
    },
    "node": {
      "provider": "openai",
      "model": "gpt-5-nano",
      "temperature": 0.0
    }
  },
  "global": {
    "n": 64,
    "mean": 0.4447038653351886,
    "std": 0.3501673666595425,
    "min": 0.0,
    "max": 0.7777043170032963
  },
  "per_dag": {
    "k000": {
      "n": 8,
      "mean": 0.6716558539400125,
      "std": 0.005180659873651665,
      "min": 0.6625289325490532,
      "max": 0.6777582585604347
    },
    "k001": {
      "n": 8,
      "mean": 0.6191158082391975,
      "std": 0.004266163125644196,
      "min": 0.6114024172117652,
      "max": 0.6252149888549726
    },
    "k002": {
      "n": 8,
      "mean": 0.7505079306681736,
      "std": 0.00465963227047021,
      "min": 0.7443794126854308,
      "max": 0.7574189847042389
    },
    "k003": {
      "n": 8,
      "mean": 0.0,
      "std": 0.0,
      "min": 0.0,
      "max": 0.0
    },
    "k004": {
      "n": 8,
      "mean": 0.0,
      "std": 0.0,
      "min": 0.0,
      "max": 0.0
    },
    "k005": {
      "n": 8,
      "mean": 0.7695435799405066,
      "std": 0.006234822949637406,
      "min": 0.7601098740814886,
      "max": 0.7777043170032963
    },
    "k006": {
      "n": 8,
      "mean": 0.7468077498936185,
      "std": 0.001810977164126287,
      "min": 0.7432523598540733,
      "max": 0.7498829826788246
    },
    "k007": {
      "n": 8,
      "mean": 0.0,
      "std": 0.0,
      "min": 0.0,
      "max": 0.0
    }
  },
  "node_concurrency": 8,
  "max_json_repairs": 1,
  "diagnostics": {
    "text_chars": 101656,
    "num_trials": 64,
    "num_success": 64,
    "failure_counts": {},
    "first_failure": {}
  }
}