{
  "paper_id": "019",
  "pdf_path": "data/pdfs/Economics/019__why-your-it-project-may-be-riskier-than-you-think-new-research-shows-surprisingl.pdf",
  "k_dags": 8,
  "m_node_resamples": 8,
  "max_nodes": 16,
  "exa_k": 6,
  "retrieval_mode": "llm",
  "reconcile": "prefer_parents",
  "llm": {
    "dag": {
      "provider": "openai",
      "model": "gpt-5-mini",
      "temperature": 0.0
    },
    "node": {
      "provider": "openai",
      "model": "gpt-5-nano",
      "temperature": 0.0
    }
  },
  "global": {
    "n": 48,
    "mean": 0.44626510244553086,
    "std": 0.2418006306177857,
    "min": 0.10914706809924771,
    "max": 0.723894095364559
  },
  "per_dag": {
    "k000": {
      "n": 8,
      "mean": 0.1158718002735822,
      "std": 0.003330650113553399,
      "min": 0.111720170929034,
      "max": 0.1191626572144169
    },
    "k001": {
      "n": 8,
      "mean": 0.7172797299027507,
      "std": 0.004110933483641336,
      "min": 0.7105392490906178,
      "max": 0.723894095364559
    },
    "k002": {
      "n": 8,
      "mean": 0.6028860512210358,
      "std": 0.003981652259683954,
      "min": 0.5974242394821658,
      "max": 0.6095804328656068
    },
    "k003": {
      "n": 8,
      "mean": 0.5831431807650389,
      "std": 0.004084636649994625,
      "min": 0.5783668542736494,
      "max": 0.5880885083899259
    },
    "k004": {
      "n": 8,
      "mean": 0.5414744856320788,
      "std": 0.00474177279549259,
      "min": 0.5364690340744975,
      "max": 0.5484262457335265
    },
    "k005": {
      "n": 0,
      "mean": NaN,
      "std": NaN,
      "min": NaN,
      "max": NaN
    },
    "k006": {
      "n": 8,
      "mean": 0.11693536687869885,
      "std": 0.005544072708923752,
      "min": 0.10914706809924771,
      "max": 0.12639258682517523
    },
    "k007": {
      "n": 0,
      "mean": NaN,
      "std": NaN,
      "min": NaN,
      "max": NaN
    }
  },
  "node_concurrency": 8,
  "max_json_repairs": 1,
  "diagnostics": {
    "text_chars": 13087,
    "num_trials": 64,
    "num_success": 48,
    "failure_counts": {
      "dag_validation_failed": 16
    },
    "first_failure": {
      "stage": "dag_validation_failed",
      "type": "dag_validation_failed",
      "message": "Node 8: unknown role 'Recommendation'; Node 9: unknown role 'Recommendation'; Node 10: unknown role 'Recommendation'",
      "k": 5,
      "m": 0,
      "traceback_file": ""
    }
  }
}