{
  "paper_id": "007",
  "pdf_path": "data/pdfs/MLComputing/007__iot-based-smart-security-and-smart-home-automation.pdf",
  "k_dags": 8,
  "m_node_resamples": 8,
  "max_nodes": 16,
  "exa_k": 6,
  "retrieval_mode": "llm",
  "reconcile": "prefer_parents",
  "llm": {
    "dag": {
      "provider": "openai",
      "model": "gpt-5-mini",
      "temperature": 0.0
    },
    "node": {
      "provider": "openai",
      "model": "gpt-5-nano",
      "temperature": 0.0
    }
  },
  "global": {
    "n": 64,
    "mean": 0.5065079803033082,
    "std": 0.1993089878061872,
    "min": 0.11146479267196081,
    "max": 0.7330294382031446
  },
  "per_dag": {
    "k000": {
      "n": 8,
      "mean": 0.6503419899032148,
      "std": 0.0023905084584040655,
      "min": 0.646905354457454,
      "max": 0.6528711577223164
    },
    "k001": {
      "n": 8,
      "mean": 0.11675534794805993,
      "std": 0.0035162227325209465,
      "min": 0.11146479267196081,
      "max": 0.1204859881693945
    },
    "k002": {
      "n": 8,
      "mean": 0.3197838934526514,
      "std": 0.005797853004367378,
      "min": 0.30809174526940314,
      "max": 0.3262709963981758
    },
    "k003": {
      "n": 8,
      "mean": 0.7303124022080474,
      "std": 0.0015770760522737114,
      "min": 0.728141429452814,
      "max": 0.7330294382031446
    },
    "k004": {
      "n": 8,
      "mean": 0.4554369595948794,
      "std": 0.016461544201304374,
      "min": 0.41661763533200946,
      "max": 0.4711531149901271
    },
    "k005": {
      "n": 8,
      "mean": 0.6871470578357596,
      "std": 0.004906023738752245,
      "min": 0.6803016667552235,
      "max": 0.693775767645077
    },
    "k006": {
      "n": 8,
      "mean": 0.4552079773001099,
      "std": 0.00633656990427135,
      "min": 0.4446297198423986,
      "max": 0.4605421915141201
    },
    "k007": {
      "n": 8,
      "mean": 0.6370782141837432,
      "std": 0.004499940121603974,
      "min": 0.6300956733354903,
      "max": 0.6438261695768478
    }
  },
  "node_concurrency": 8,
  "max_json_repairs": 1,
  "diagnostics": {
    "text_chars": 17548,
    "num_trials": 64,
    "num_success": 64,
    "failure_counts": {},
    "first_failure": {}
  }
}