{
  "paper_id": "029",
  "pdf_path": "data/pdfs/Economics/029__infinite-growth-a-curse-or-a-blessing.pdf",
  "k_dags": 8,
  "m_node_resamples": 8,
  "max_nodes": 16,
  "exa_k": 6,
  "retrieval_mode": "llm",
  "reconcile": "prefer_parents",
  "llm": {
    "dag": {
      "provider": "openai",
      "model": "gpt-5-mini",
      "temperature": 0.0
    },
    "node": {
      "provider": "openai",
      "model": "gpt-5-nano",
      "temperature": 0.0
    }
  },
  "global": {
    "n": 64,
    "mean": 0.41419775195179026,
    "std": 0.2011348936912516,
    "min": 0.0,
    "max": 0.6586633504028732
  },
  "per_dag": {
    "k000": {
      "n": 8,
      "mean": 0.6290658728849141,
      "std": 0.005189175111258922,
      "min": 0.6228495417196116,
      "max": 0.6363694278306358
    },
    "k001": {
      "n": 8,
      "mean": 0.0,
      "std": 0.0,
      "min": 0.0,
      "max": 0.0
    },
    "k002": {
      "n": 8,
      "mean": 0.5138721672147463,
      "std": 0.005994887332804584,
      "min": 0.5067333442392807,
      "max": 0.5240264202334752
    },
    "k003": {
      "n": 8,
      "mean": 0.2952677546483815,
      "std": 0.008391511429462024,
      "min": 0.28026790279120317,
      "max": 0.3083463737769657
    },
    "k004": {
      "n": 8,
      "mean": 0.29473929650029496,
      "std": 0.005316417309672919,
      "min": 0.2854161673692476,
      "max": 0.30029538567375824
    },
    "k005": {
      "n": 8,
      "mean": 0.4462172627833416,
      "std": 0.003934834720679594,
      "min": 0.4408521014150148,
      "max": 0.452307140281027
    },
    "k006": {
      "n": 8,
      "mean": 0.48214072839021127,
      "std": 0.003492084635884588,
      "min": 0.4774270168185382,
      "max": 0.4871117994408213
    },
    "k007": {
      "n": 8,
      "mean": 0.6522789331924324,
      "std": 0.004484468541735861,
      "min": 0.646591728299297,
      "max": 0.6586633504028732
    }
  },
  "node_concurrency": 8,
  "max_json_repairs": 1,
  "diagnostics": {
    "text_chars": 120807,
    "num_trials": 64,
    "num_success": 64,
    "failure_counts": {},
    "first_failure": {}
  }
}